step,epoch,loss,ce,dice,lr
20,1,3.29996,2.81121,0.97749,4.2000000000000004e-06
40,1,3.26983,2.77982,0.98003,8.2e-06
60,1,3.17133,2.68251,0.97763,1.22e-05
80,1,3.04408,2.55771,0.97275,1.62e-05
100,1,2.92454,2.43908,0.97092,2.02e-05
120,1,2.62779,2.14446,0.96667,2.42e-05
140,1,2.35834,1.87984,0.95701,2.8199999999999998e-05
160,1,2.13696,1.66325,0.94742,3.22e-05
180,1,1.95417,1.48324,0.94186,3.6200000000000006e-05
200,1,1.72577,1.25917,0.9332,4.02e-05
220,1,1.70895,1.24277,0.93236,4.4200000000000004e-05
240,1,1.45202,1.00386,0.89632,4.82e-05
260,1,1.43062,0.98737,0.8865,5.22e-05
280,1,1.2793,0.84061,0.87739,5.62e-05
300,1,1.1526,0.71449,0.87622,6e-05
320,1,1.00277,0.57938,0.84676,5.9979818365287594e-05
340,1,0.96225,0.54686,0.83079,5.995963673057518e-05
360,1,0.9615,0.54759,0.82781,5.993945509586277e-05
380,1,0.90013,0.50045,0.79936,5.991927346115036e-05
400,1,0.854,0.45394,0.80013,5.9899091826437943e-05
420,1,0.77711,0.38873,0.77675,5.987891019172553e-05
440,1,0.72299,0.35255,0.74088,5.985872855701312e-05
460,1,0.7731,0.40832,0.72955,5.983854692230071e-05
480,1,0.82703,0.46555,0.72296,5.98183652875883e-05
500,1,0.64433,0.29575,0.69715,5.9798183652875885e-05
520,1,0.63094,0.29159,0.6787,5.977800201816348e-05
540,1,0.53914,0.20377,0.67076,5.9757820383451063e-05
560,1,0.65137,0.32355,0.65563,5.973763874873865e-05
580,1,0.71553,0.38416,0.66274,5.9717457114026235e-05
600,1,0.65542,0.33698,0.63687,5.969727547931383e-05
620,1,0.62404,0.31897,0.61014,5.967709384460141e-05
640,1,0.61755,0.29394,0.64723,5.9656912209889005e-05
660,1,0.57014,0.25153,0.63723,5.963673057517659e-05
680,1,0.55129,0.27384,0.55489,5.9616548940464183e-05
700,1,0.57529,0.2461,0.65838,5.959636730575177e-05
720,1,0.75527,0.45052,0.6095,5.957618567103936e-05
740,1,0.49775,0.21143,0.57264,5.955600403632694e-05
760,1,0.54779,0.25921,0.57717,5.953582240161453e-05
780,1,0.50296,0.2557,0.49451,5.951564076690212e-05
800,1,0.43451,0.18031,0.5084,5.949545913218971e-05
820,1,0.51186,0.20991,0.6039,5.94752774974773e-05
840,1,0.45485,0.19423,0.52123,5.945509586276489e-05
860,1,0.46733,0.17178,0.5911,5.9434914228052475e-05
880,1,0.57198,0.30384,0.53628,5.941473259334007e-05
900,1,0.6849,0.34989,0.67002,5.9394550958627646e-05
920,1,0.41572,0.15617,0.51912,5.937436932391524e-05
940,1,0.64754,0.34013,0.61481,5.9354187689202824e-05
960,1,0.36829,0.13247,0.47163,5.933400605449042e-05
980,1,0.41667,0.14252,0.54829,5.9313824419778e-05
1000,1,0.53134,0.25791,0.54686,5.9293642785065595e-05
1020,1,0.50436,0.25529,0.49813,5.927346115035318e-05
1040,1,0.52874,0.26659,0.5243,5.925327951564077e-05
1060,1,0.42705,0.17313,0.50784,5.923309788092835e-05
1080,1,0.53477,0.25422,0.5611,5.9212916246215944e-05
1100,1,0.3957,0.15192,0.48756,5.919273461150353e-05
1120,1,0.49889,0.19093,0.61592,5.917255297679112e-05
1140,1,0.54059,0.27201,0.53715,5.915237134207871e-05
1160,1,0.4826,0.24556,0.47408,5.91321897073663e-05
1180,1,0.4546,0.22049,0.46821,5.9112008072653886e-05
1200,1,0.36408,0.15658,0.41501,5.909182643794148e-05
1220,1,0.37177,0.14593,0.45167,5.9071644803229064e-05
1240,1,0.60908,0.35071,0.51673,5.905146316851665e-05
1260,1,0.57623,0.27857,0.59533,5.9031281533804236e-05
1280,1,0.74014,0.46463,0.55102,5.901109989909183e-05
1300,1,0.48522,0.1945,0.58143,5.8990918264379414e-05
1320,1,0.37775,0.14316,0.46918,5.8970736629667006e-05
1340,1,0.51963,0.26761,0.50403,5.895055499495459e-05
1360,1,0.45393,0.21774,0.47238,5.8930373360242184e-05
1380,1,0.50248,0.22937,0.54623,5.891019172552977e-05
1400,1,0.4371,0.20377,0.46665,5.8890010090817356e-05
1420,1,0.39968,0.14436,0.51064,5.886982845610494e-05
1440,1,0.51131,0.24683,0.52896,5.8849646821392534e-05
1460,1,0.45384,0.20979,0.4881,5.882946518668012e-05
1480,1,0.4245,0.19745,0.45409,5.880928355196771e-05
1500,1,0.42572,0.17748,0.49648,5.87891019172553e-05
1520,1,0.29646,0.10589,0.38114,5.876892028254289e-05
1540,1,0.40404,0.18188,0.44434,5.8748738647830476e-05
1560,1,0.54147,0.28979,0.50336,5.872855701311807e-05
1580,1,0.34598,0.13448,0.42299,5.870837537840565e-05
1600,1,0.37784,0.1484,0.45889,5.868819374369324e-05
1620,1,0.47269,0.2075,0.53037,5.8668012108980825e-05
1640,1,0.60177,0.32824,0.54706,5.864783047426842e-05
1660,1,0.41403,0.20703,0.41399,5.8627648839556e-05
1680,1,0.36694,0.14295,0.44799,5.8607467204843596e-05
1700,1,0.40206,0.15895,0.48622,5.858728557013118e-05
1720,1,0.38426,0.17268,0.42315,5.8567103935418774e-05
1740,1,0.49448,0.23608,0.51678,5.854692230070635e-05
1760,1,0.43641,0.21777,0.43728,5.8526740665993945e-05
1780,1,0.51651,0.26155,0.50992,5.850655903128153e-05
1800,1,0.34829,0.14845,0.39968,5.848637739656912e-05
1820,1,0.44405,0.2207,0.44671,5.846619576185671e-05
1840,1,0.30097,0.10109,0.39976,5.84460141271443e-05
1860,1,0.42273,0.16622,0.51303,5.842583249243189e-05
1880,1,0.59513,0.32425,0.54174,5.840565085771948e-05
1900,1,0.44833,0.20992,0.47682,5.8385469223007065e-05
1920,1,0.37587,0.15712,0.43751,5.836528758829465e-05
1940,1,0.47671,0.24232,0.46879,5.8345105953582237e-05
1960,1,0.38409,0.21523,0.33773,5.832492431886983e-05
1980,1,0.44901,0.19931,0.49941,5.8304742684157415e-05
2000,1,0.31881,0.12704,0.38354,5.828456104944501e-05
2020,1,0.50692,0.25109,0.51165,5.82643794147326e-05
2040,1,0.33052,0.13577,0.38949,5.8244197780020185e-05
2060,1,0.28915,0.10448,0.36933,5.822401614530778e-05
2080,1,0.26215,0.09554,0.3332,5.8203834510595357e-05
2100,1,0.3875,0.14801,0.47898,5.818365287588295e-05
2120,1,0.40105,0.16392,0.47425,5.8163471241170535e-05
2140,1,0.37085,0.16059,0.42052,5.814328960645813e-05
2160,1,0.62359,0.37775,0.49167,5.812310797174571e-05
2180,1,0.35715,0.1107,0.49289,5.8102926337033305e-05
2200,1,0.50952,0.26362,0.4918,5.808274470232089e-05
2220,1,0.32975,0.12274,0.41402,5.8062563067608483e-05
2240,1,0.33534,0.15541,0.35985,5.804238143289606e-05
2260,1,0.37992,0.19277,0.3743,5.8022199798183655e-05
2280,1,0.33863,0.14207,0.39311,5.800201816347124e-05
2300,1,0.43291,0.20303,0.45975,5.798183652875883e-05
2320,1,0.35357,0.14666,0.41381,5.796165489404642e-05
2340,1,0.36501,0.11383,0.50236,5.794147325933401e-05
2360,1,0.31968,0.14647,0.34643,5.79212916246216e-05
2380,1,0.42511,0.23079,0.38864,5.790110998990919e-05
2400,1,0.34339,0.11981,0.44718,5.7880928355196775e-05
2420,1,0.52474,0.28379,0.48191,5.786074672048436e-05
2440,1,0.28986,0.10731,0.36511,5.7840565085771946e-05
2460,1,0.2799,0.10752,0.34477,5.782038345105954e-05
2480,1,0.37983,0.18255,0.39455,5.7800201816347124e-05
2500,1,0.54555,0.26125,0.56859,5.778002018163472e-05
2520,1,0.44689,0.24193,0.40993,5.77598385469223e-05
2540,1,0.2691,0.11644,0.30533,5.7739656912209895e-05
2560,1,0.37235,0.13821,0.46828,5.771947527749748e-05
2580,1,0.35205,0.11375,0.47661,5.7699293642785066e-05
2600,1,0.33355,0.12588,0.41534,5.767911200807265e-05
2620,1,0.42091,0.21303,0.41575,5.7658930373360244e-05
2640,1,0.6559,0.37121,0.56939,5.763874873864783e-05
2660,1,0.31249,0.11991,0.38516,5.761856710393542e-05
2680,1,0.35406,0.11809,0.47193,5.759838546922301e-05
2700,1,0.83522,0.52002,0.63039,5.75782038345106e-05
2720,1,0.34371,0.13375,0.41993,5.7558022199798186e-05
2740,1,0.3163,0.11924,0.39412,5.753784056508578e-05
2760,1,0.36183,0.15304,0.41758,5.751765893037336e-05
2780,1,0.35834,0.17681,0.36305,5.749747729566095e-05
2800,1,0.39053,0.17196,0.43713,5.7477295660948536e-05
2820,1,0.37898,0.1939,0.37015,5.745711402623613e-05
2840,1,0.2753,0.11137,0.32787,5.7436932391523714e-05
2860,1,0.38478,0.17484,0.41989,5.7416750756811306e-05
2880,1,0.37353,0.13175,0.48355,5.739656912209889e-05
2900,1,0.43126,0.21884,0.42485,5.7376387487386484e-05
2920,1,0.39416,0.14225,0.50382,5.735620585267406e-05
2940,1,0.36885,0.16319,0.4113,5.7336024217961656e-05
2960,1,0.28474,0.10369,0.3621,5.731584258324924e-05
2980,1,0.25635,0.08139,0.34993,5.7295660948536834e-05
3000,1,0.49009,0.25055,0.47908,5.727547931382442e-05
3020,1,0.33608,0.12331,0.42554,5.725529767911201e-05
3040,1,0.48245,0.26035,0.4442,5.72351160443996e-05
3060,1,0.31745,0.11628,0.40232,5.721493440968719e-05
3080,1,0.37118,0.15079,0.44078,5.7194752774974776e-05
3100,1,0.47983,0.25718,0.4453,5.717457114026236e-05
3120,1,0.49697,0.2888,0.41633,5.715438950554995e-05
3140,1,0.43329,0.24054,0.38551,5.713420787083754e-05
3160,1,0.4091,0.22272,0.37275,5.7114026236125125e-05
3180,1,0.3013,0.14517,0.31226,5.709384460141272e-05
3200,1,0.34236,0.12445,0.43581,5.70736629667003e-05
3220,1,0.4203,0.21989,0.40081,5.7053481331987896e-05
3240,1,0.5659,0.36623,0.39933,5.703329969727548e-05
3260,1,0.35246,0.14596,0.41299,5.701311806256307e-05
3280,1,0.42276,0.19604,0.45344,5.699293642785065e-05
3300,1,0.26684,0.09686,0.33997,5.6972754793138245e-05
3320,1,0.45332,0.22561,0.45542,5.695257315842583e-05
3340,1,0.25542,0.10495,0.30095,5.693239152371342e-05
3360,1,0.41632,0.22048,0.39168,5.691220988900101e-05
3380,1,0.39757,0.15546,0.48422,5.68920282542886e-05
3400,1,0.32666,0.14237,0.36859,5.687184661957619e-05
3420,1,0.3835,0.17238,0.42223,5.685166498486377e-05
3440,1,0.39602,0.18973,0.41257,5.683148335015136e-05
3460,1,0.38939,0.19008,0.39862,5.681130171543895e-05
3480,1,0.38253,0.1394,0.48627,5.6791120080726537e-05
3500,1,0.30488,0.11166,0.38644,5.677093844601413e-05
3520,1,0.50092,0.28797,0.42591,5.6750756811301715e-05
3540,1,0.29417,0.13808,0.31217,5.673057517658931e-05
3560,1,0.41977,0.17108,0.49739,5.671039354187689e-05
3580,1,0.30837,0.12663,0.36348,5.6690211907164485e-05
3600,1,0.38542,0.13996,0.49092,5.667003027245207e-05
3620,1,0.30441,0.10147,0.40588,5.6649848637739657e-05
3640,1,0.57156,0.35702,0.42908,5.662966700302724e-05
3660,1,0.33867,0.12444,0.42845,5.6609485368314835e-05
3680,1,0.35026,0.13345,0.43361,5.658930373360243e-05
3700,1,0.34325,0.15705,0.3724,5.656912209889001e-05
3720,1,0.20764,0.08591,0.24344,5.65489404641776e-05
3740,1,0.50475,0.28225,0.445,5.652875882946519e-05
3760,1,0.36594,0.1626,0.40669,5.6508577194752777e-05
3780,1,0.36954,0.17758,0.38393,5.648839556004036e-05
3800,1,0.31871,0.13666,0.3641,5.646821392532795e-05
3820,1,0.25915,0.09929,0.31972,5.644803229061554e-05
3840,1,0.30725,0.18098,0.25254,5.642785065590313e-05
3860,1,0.28579,0.08097,0.40963,5.640766902119072e-05
3880,1,0.30943,0.12541,0.36805,5.638748738647831e-05
3900,1,0.29323,0.10092,0.38462,5.6367305751765897e-05
3920,1,0.318,0.10479,0.42644,5.634712411705349e-05
3940,1,0.41767,0.23593,0.3635,5.632694248234107e-05
3960,1,0.3449,0.14825,0.3933,5.630676084762866e-05
3980,1,0.35886,0.14938,0.41897,5.6286579212916246e-05
4000,2,0.33225,0.14336,0.37779,5.626639757820384e-05
4020,2,0.58879,0.36014,0.45731,5.6246215943491424e-05
4040,2,0.35608,0.17813,0.35589,5.6226034308779017e-05
4060,2,0.31026,0.12369,0.37315,5.62058526740666e-05
4080,2,0.40027,0.19043,0.41967,5.6185671039354195e-05
4100,2,0.33685,0.17186,0.32997,5.6165489404641774e-05
4120,2,0.31988,0.16413,0.3115,5.6145307769929366e-05
4140,2,0.26034,0.10529,0.31011,5.612512613521695e-05
4160,2,0.42425,0.215,0.41851,5.6104944500504544e-05
4180,2,0.23244,0.08315,0.2986,5.608476286579213e-05
4200,2,0.2113,0.08463,0.25335,5.606458123107972e-05
4220,2,0.28571,0.11402,0.34338,5.604439959636731e-05
4240,2,0.40458,0.21295,0.38326,5.60242179616549e-05
4260,2,0.22145,0.0948,0.25332,5.600403632694248e-05
4280,2,0.38532,0.17223,0.42619,5.598385469223007e-05
4300,2,0.22449,0.09851,0.25195,5.596367305751766e-05
4320,2,0.44709,0.24868,0.39681,5.594349142280525e-05
4340,2,0.31335,0.10288,0.42093,5.5923309788092836e-05
4360,2,0.35528,0.20385,0.30286,5.590312815338043e-05
4380,2,0.30599,0.12572,0.36053,5.5882946518668014e-05
4400,2,0.35655,0.16197,0.38916,5.5862764883955606e-05
4420,2,0.45034,0.30332,0.29405,5.584258324924319e-05
4440,2,0.29858,0.10146,0.39424,5.582240161453078e-05
4460,2,0.33872,0.14988,0.37768,5.580221997981836e-05
4480,2,0.33271,0.1667,0.33204,5.5782038345105956e-05
4500,2,0.36848,0.14841,0.44016,5.576185671039354e-05
4520,2,0.3214,0.11617,0.41045,5.5741675075681134e-05
4540,2,0.31226,0.16127,0.30197,5.572149344096872e-05
4560,2,0.39886,0.20497,0.38778,5.570131180625631e-05
4580,2,0.26618,0.13506,0.26225,5.56811301715439e-05
4600,2,0.53549,0.32947,0.41204,5.566094853683148e-05
4620,2,0.30191,0.12348,0.35685,5.564076690211907e-05
4640,2,0.2331,0.0971,0.272,5.562058526740666e-05
4660,2,0.26818,0.0946,0.34717,5.560040363269425e-05
4680,2,0.26069,0.12685,0.26769,5.558022199798184e-05
4700,2,0.33138,0.13857,0.38562,5.5560040363269425e-05
4720,2,0.2818,0.12389,0.31582,5.553985872855702e-05
4740,2,0.2869,0.11481,0.34418,5.55196770938446e-05
4760,2,0.31909,0.13659,0.365,5.5499495459132196e-05
4780,2,0.29268,0.10183,0.38171,5.5479313824419775e-05
4800,2,0.50175,0.30359,0.39633,5.545913218970737e-05
4820,2,0.55278,0.27516,0.55523,5.543895055499495e-05
4840,2,0.42611,0.21776,0.41669,5.5418768920282545e-05
4860,2,0.55963,0.33426,0.45075,5.539858728557013e-05
4880,2,0.26944,0.12625,0.28638,5.537840565085772e-05
4900,2,0.28728,0.10196,0.37063,5.535822401614531e-05
4920,2,0.39095,0.20226,0.37736,5.53380423814329e-05
4940,2,0.2641,0.1005,0.32718,5.531786074672048e-05
4960,2,0.23038,0.10481,0.25114,5.529767911200807e-05
4980,2,0.34911,0.19251,0.31319,5.527749747729566e-05
5000,2,0.66575,0.44097,0.44956,5.525731584258325e-05
5020,2,0.39411,0.18666,0.41489,5.5237134207870836e-05
5040,2,0.35034,0.1791,0.34247,5.521695257315843e-05
5060,2,0.31811,0.11787,0.40047,5.5196770938446015e-05
5080,2,0.35313,0.17488,0.3565,5.517658930373361e-05
5100,2,0.30055,0.10739,0.38632,5.515640766902119e-05
5120,2,0.38655,0.18575,0.40161,5.513622603430878e-05
5140,2,0.56395,0.37997,0.36796,5.5116044399596364e-05
5160,2,0.22656,0.07273,0.30767,5.5095862764883956e-05
5180,2,0.38223,0.19433,0.37581,5.507568113017154e-05
5200,2,0.28589,0.13026,0.31126,5.5055499495459135e-05
5220,2,0.28766,0.14299,0.28935,5.503531786074672e-05
5240,2,0.27684,0.10053,0.35263,5.501513622603431e-05
5260,2,0.27295,0.12996,0.28597,5.4994954591321905e-05
5280,2,0.34185,0.19181,0.30008,5.4974772956609484e-05
5300,2,0.32704,0.12737,0.39932,5.495459132189707e-05
5320,2,0.34603,0.17967,0.33273,5.493440968718466e-05
5340,2,0.30876,0.14699,0.32355,5.4914228052472255e-05
5360,2,0.56081,0.39079,0.34004,5.489404641775984e-05
5380,2,0.3032,0.1251,0.35619,5.4873864783047426e-05
5400,2,0.33658,0.1747,0.32377,5.485368314833502e-05
5420,2,0.32751,0.15732,0.34039,5.483350151362261e-05
5440,2,0.50243,0.32302,0.35881,5.481331987891019e-05
5460,2,0.30865,0.12363,0.37004,5.4793138244197775e-05
5480,2,0.353,0.18639,0.33321,5.477295660948537e-05
5500,2,0.45557,0.2415,0.42814,5.475277497477296e-05
5520,2,0.35049,0.15706,0.38687,5.4732593340060546e-05
5540,2,0.24828,0.11517,0.2662,5.471241170534813e-05
5560,2,0.40639,0.2122,0.38839,5.4692230070635724e-05
5580,2,0.28759,0.10711,0.36097,5.4672048435923317e-05
5600,2,0.38829,0.16705,0.44249,5.46518668012109e-05
5620,2,0.28797,0.12422,0.32751,5.463168516649849e-05
5640,2,0.34307,0.15983,0.36648,5.4611503531786074e-05
5660,2,0.2697,0.10207,0.33527,5.4591321897073666e-05
5680,2,0.30077,0.16291,0.27572,5.457114026236125e-05
5700,2,0.38049,0.18905,0.38287,5.4550958627648844e-05
5720,2,0.27475,0.11517,0.31917,5.453077699293643e-05
5740,2,0.27249,0.09993,0.34512,5.451059535822402e-05
5760,2,0.28878,0.13025,0.31705,5.449041372351161e-05
5780,2,0.31767,0.15731,0.32073,5.4470232088799194e-05
5800,2,0.19256,0.09996,0.1852,5.445005045408678e-05
5820,2,0.24302,0.10661,0.27281,5.442986881937437e-05
5840,2,0.45667,0.27169,0.36995,5.440968718466196e-05
5860,2,0.3181,0.13359,0.36903,5.438950554994955e-05
5880,2,0.208,0.08764,0.24071,5.4369323915237135e-05
5900,2,0.25404,0.09304,0.322,5.434914228052473e-05
5920,2,0.31154,0.14935,0.32437,5.4328960645812314e-05
5940,2,0.28994,0.10231,0.37526,5.4308779011099906e-05
5960,2,0.2797,0.10895,0.34149,5.4288597376387485e-05
5980,2,0.38803,0.20673,0.3626,5.426841574167508e-05
6000,2,0.39002,0.2,0.38005,5.424823410696266e-05
6020,2,0.23099,0.10541,0.25117,5.4228052472250256e-05
6040,2,0.42884,0.25566,0.34638,5.420787083753784e-05
6060,2,0.21297,0.10062,0.22471,5.4187689202825434e-05
6080,2,0.22495,0.08827,0.27336,5.416750756811302e-05
6100,2,0.26977,0.11066,0.31821,5.414732593340061e-05
6120,2,0.39906,0.24787,0.30238,5.412714429868819e-05
6140,2,0.26919,0.1174,0.30358,5.410696266397578e-05
6160,2,0.27039,0.10035,0.34008,5.408678102926337e-05
6180,2,0.22131,0.08504,0.27254,5.406659939455096e-05
6200,2,0.23444,0.069,0.33088,5.404641775983855e-05
6220,2,0.29559,0.13257,0.32604,5.402623612512614e-05
6240,2,0.30775,0.14902,0.31746,5.4006054490413725e-05
6260,2,0.34134,0.15046,0.38177,5.398587285570132e-05
6280,2,0.32348,0.13175,0.38347,5.39656912209889e-05
6300,2,0.37921,0.2263,0.30582,5.394550958627649e-05
6320,2,0.30347,0.157,0.29294,5.3925327951564074e-05
6340,2,0.21146,0.08867,0.24559,5.390514631685167e-05
6360,2,0.28699,0.13705,0.29988,5.388496468213925e-05
6380,2,0.27183,0.13878,0.26609,5.3864783047426845e-05
6400,2,0.27155,0.10488,0.33335,5.384460141271443e-05
6420,2,0.38291,0.19434,0.37713,5.382441977800202e-05
6440,2,0.38508,0.20846,0.35323,5.380423814328961e-05
6460,2,0.30052,0.13043,0.34018,5.3784056508577194e-05
6480,2,0.23613,0.08173,0.30879,5.376387487386478e-05
6500,2,0.27236,0.11025,0.32421,5.374369323915237e-05
6520,2,0.33619,0.15937,0.35364,5.372351160443996e-05
6540,2,0.50488,0.29236,0.42506,5.370332996972755e-05
6560,2,0.40287,0.219,0.36773,5.3683148335015136e-05
6580,2,0.39693,0.20362,0.38663,5.366296670030273e-05
6600,2,0.31971,0.1642,0.31102,5.3642785065590314e-05
6620,2,0.43066,0.26236,0.33661,5.36226034308779e-05
6640,2,0.49222,0.28644,0.41157,5.3602421796165486e-05
6660,2,0.30255,0.11643,0.37224,5.358224016145308e-05
6680,2,0.25882,0.13871,0.24022,5.3562058526740664e-05
6700,2,0.79233,0.56634,0.45199,5.3541876892028256e-05
6720,2,0.15827,0.05768,0.20119,5.352169525731584e-05
6740,2,0.374,0.16113,0.42573,5.3501513622603435e-05
6760,2,0.25208,0.11332,0.27752,5.348133198789102e-05
6780,2,0.57033,0.38808,0.36449,5.346115035317861e-05
6800,2,0.34568,0.17813,0.33511,5.344096871846619e-05
6820,2,0.22987,0.09105,0.27764,5.3420787083753784e-05
6840,2,0.22949,0.08117,0.29663,5.340060544904137e-05
6860,2,0.34458,0.19114,0.30689,5.338042381432896e-05
6880,2,0.29049,0.14368,0.29362,5.336024217961655e-05
6900,2,0.30414,0.1374,0.33349,5.334006054490414e-05
6920,2,0.3267,0.15835,0.33671,5.331987891019173e-05
6940,2,0.27893,0.08866,0.38054,5.329969727547932e-05
6960,2,0.33235,0.15452,0.35566,5.32795156407669e-05
6980,2,0.26588,0.11877,0.29423,5.325933400605449e-05
7000,2,0.22808,0.0874,0.28136,5.323915237134208e-05
7020,2,0.23465,0.10324,0.26282,5.321897073662967e-05
7040,2,0.3512,0.18019,0.34201,5.3198789101917253e-05
7060,2,0.30456,0.12841,0.35229,5.3178607467204846e-05
7080,2,0.18922,0.08331,0.21182,5.315842583249244e-05
7100,2,0.24082,0.11062,0.26041,5.3138244197780024e-05
7120,2,0.36443,0.1955,0.33787,5.311806256306761e-05
7140,2,0.47384,0.24462,0.45845,5.3097880928355195e-05
7160,2,0.3241,0.15964,0.32892,5.307769929364279e-05
7180,2,0.39268,0.16299,0.45937,5.3057517658930373e-05
7200,2,0.40834,0.20107,0.41453,5.303733602421796e-05
7220,2,0.26598,0.12796,0.27603,5.301715438950555e-05
7240,2,0.31969,0.13206,0.37526,5.2996972754793144e-05
7260,2,0.2323,0.118,0.2286,5.297679112008073e-05
7280,2,0.38005,0.17563,0.40885,5.2956609485368315e-05
7300,2,0.21001,0.06726,0.2855,5.29364278506559e-05
7320,2,0.27526,0.10581,0.33889,5.2916246215943494e-05
7340,2,0.30881,0.10794,0.40173,5.289606458123108e-05
7360,2,0.30422,0.10296,0.40252,5.287588294651867e-05
7380,2,0.22685,0.09493,0.26384,5.285570131180626e-05
7400,2,0.40086,0.19011,0.4215,5.283551967709385e-05
7420,2,0.35883,0.17018,0.3773,5.2815338042381435e-05
7440,2,0.21434,0.08221,0.26427,5.279515640766903e-05
7460,2,0.21849,0.09527,0.24645,5.277497477295661e-05
7480,2,0.34665,0.16503,0.36326,5.27547931382442e-05
7500,2,0.2207,0.07593,0.28954,5.2734611503531785e-05
7520,2,0.42038,0.2095,0.42177,5.271442986881938e-05
7540,2,0.27125,0.11289,0.31672,5.269424823410696e-05
7560,2,0.35349,0.13529,0.43639,5.2674066599394555e-05
7580,2,0.36251,0.20584,0.31335,5.265388496468214e-05
7600,2,0.2782,0.12922,0.29796,5.2633703329969734e-05
7620,2,0.29633,0.14214,0.30837,5.261352169525732e-05
7640,2,0.20643,0.08589,0.24108,5.2593340060544905e-05
7660,2,0.35,0.1652,0.36962,5.257315842583249e-05
7680,2,0.62687,0.41302,0.42769,5.255297679112008e-05
7700,2,0.39624,0.21256,0.36736,5.253279515640767e-05
7720,2,0.24383,0.09109,0.30548,5.251261352169526e-05
7740,2,0.26685,0.12781,0.27809,5.249243188698285e-05
7760,2,0.35077,0.17301,0.35553,5.247225025227044e-05
7780,2,0.26794,0.11545,0.30499,5.2452068617558025e-05
7800,2,0.24809,0.09422,0.30774,5.243188698284561e-05
7820,2,0.35712,0.19888,0.31649,5.2411705348133196e-05
7840,2,0.24153,0.07533,0.3324,5.239152371342079e-05
7860,2,0.25494,0.12341,0.26306,5.2371342078708374e-05
7880,2,0.2504,0.08347,0.33386,5.235116044399597e-05
7900,2,0.35388,0.17323,0.3613,5.233097880928355e-05
7920,2,0.21694,0.07769,0.27851,5.2310797174571145e-05
7940,2,0.17313,0.06842,0.20942,5.229061553985873e-05
7960,2,0.30144,0.12454,0.3538,5.227043390514632e-05
7980,3,0.21874,0.09511,0.24725,5.22502522704339e-05
8000,3,0.23347,0.08152,0.30389,5.2230070635721494e-05
8020,3,0.23702,0.11781,0.23841,5.220988900100908e-05
8040,3,0.22409,0.06277,0.32263,5.218970736629667e-05
8060,3,0.27718,0.09908,0.35619,5.216952573158426e-05
8080,3,0.42302,0.21189,0.42227,5.214934409687185e-05
8100,3,0.22496,0.09063,0.26867,5.2129162462159436e-05
8120,3,0.23081,0.08597,0.28967,5.210898082744703e-05
8140,3,0.41965,0.2323,0.3747,5.208879919273461e-05
8160,3,0.32037,0.14597,0.3488,5.20686175580222e-05
8180,3,0.36994,0.18436,0.37116,5.2048435923309786e-05
8200,3,0.39847,0.19731,0.40231,5.202825428859738e-05
8220,3,0.40767,0.22454,0.36626,5.2008072653884964e-05
8240,3,0.24633,0.09749,0.29767,5.1987891019172556e-05
8260,3,0.27299,0.11865,0.30868,5.196770938446014e-05
8280,3,0.30401,0.14252,0.32296,5.1947527749747734e-05
8300,3,0.26793,0.11546,0.30494,5.192734611503532e-05
8320,3,0.19512,0.07456,0.24112,5.1907164480322906e-05
8340,3,0.46202,0.24099,0.44208,5.188698284561049e-05
8360,3,0.43542,0.26296,0.34493,5.1866801210898084e-05
8380,3,0.30137,0.12459,0.35355,5.184661957618567e-05
8400,3,0.35577,0.18898,0.33357,5.182643794147326e-05
8420,3,0.31784,0.13389,0.3679,5.1806256306760854e-05
8440,3,0.24759,0.11737,0.26044,5.178607467204844e-05
8460,3,0.22776,0.0831,0.28933,5.1765893037336026e-05
8480,3,0.17833,0.06537,0.22593,5.174571140262361e-05
8500,3,0.24829,0.08465,0.32729,5.1725529767911204e-05
8520,3,0.21928,0.08583,0.26689,5.170534813319879e-05
8540,3,0.45549,0.22537,0.46025,5.1685166498486375e-05
8560,3,0.79693,0.57589,0.44209,5.166498486377397e-05
8580,3,0.20563,0.06102,0.28922,5.164480322906156e-05
8600,3,0.21696,0.08036,0.27321,5.1624621594349146e-05
8620,3,0.1833,0.07463,0.21735,5.160443995963673e-05
8640,3,0.18414,0.06315,0.24198,5.158425832492432e-05
8660,3,0.40253,0.20016,0.40474,5.156407669021191e-05
8680,3,0.27355,0.13478,0.27755,5.1543895055499495e-05
8700,3,0.22138,0.1127,0.21736,5.152371342078708e-05
8720,3,0.27907,0.13508,0.28798,5.1503531786074673e-05
8740,3,0.29579,0.15165,0.28827,5.1483350151362266e-05
8760,3,0.37741,0.19192,0.37097,5.146316851664985e-05
8780,3,0.29968,0.12623,0.3469,5.144298688193744e-05
8800,3,0.25952,0.0943,0.33045,5.142280524722503e-05
8820,3,0.43116,0.26911,0.32409,5.1402623612512615e-05
8840,3,0.24558,0.07927,0.33262,5.13824419778002e-05
8860,3,0.18526,0.0773,0.21591,5.136226034308779e-05
8880,3,0.34611,0.17037,0.35149,5.134207870837538e-05
8900,3,0.20055,0.08487,0.23135,5.132189707366297e-05
8920,3,0.25404,0.10446,0.29917,5.130171543895056e-05
8940,3,0.33833,0.17802,0.32062,5.128153380423814e-05
8960,3,0.40455,0.26358,0.28194,5.1261352169525735e-05
8980,3,0.33402,0.15298,0.36207,5.124117053481332e-05
9000,3,0.24959,0.10019,0.29881,5.122098890010091e-05
9020,3,0.34518,0.17781,0.33475,5.120080726538849e-05
9040,3,0.24506,0.09628,0.29757,5.1180625630676085e-05
9060,3,0.28386,0.14181,0.28411,5.116044399596368e-05
9080,3,0.28039,0.12317,0.31444,5.114026236125126e-05
9100,3,0.32123,0.14321,0.35605,5.112008072653885e-05
9120,3,0.21543,0.09923,0.2324,5.109989909182644e-05
9140,3,0.19339,0.06337,0.26004,5.1079717457114033e-05
9160,3,0.30406,0.1464,0.31533,5.105953582240161e-05
9180,3,0.23839,0.11241,0.25197,5.10393541876892e-05
9200,3,0.27013,0.15274,0.23476,5.101917255297679e-05
9220,3,0.53243,0.34573,0.3734,5.099899091826438e-05
9240,3,0.26606,0.10599,0.32014,5.097880928355197e-05
9260,3,0.41099,0.21798,0.38602,5.095862764883956e-05
9280,3,0.2812,0.11925,0.32389,5.093844601412715e-05
9300,3,0.3219,0.2004,0.243,5.091826437941474e-05
9320,3,0.23976,0.10506,0.2694,5.089808274470232e-05
9340,3,0.23043,0.10751,0.24584,5.087790110998991e-05
9360,3,0.46071,0.27222,0.37699,5.0857719475277496e-05
9380,3,0.28233,0.13761,0.28944,5.083753784056509e-05
9400,3,0.3625,0.224,0.277,5.0817356205852674e-05
9420,3,0.17495,0.06735,0.2152,5.079717457114027e-05
9440,3,0.30376,0.14162,0.32426,5.077699293642785e-05
9460,3,0.51521,0.29912,0.43217,5.0756811301715445e-05
9480,3,0.20885,0.09083,0.23604,5.073662966700303e-05
9500,3,0.3729,0.23824,0.26933,5.0716448032290616e-05
9520,3,0.47608,0.22539,0.50137,5.06962663975782e-05
9540,3,0.25809,0.09089,0.3344,5.0676084762865794e-05
9560,3,0.30102,0.15076,0.30052,5.065590312815338e-05
9580,3,0.23379,0.12139,0.2248,5.063572149344097e-05
9600,3,0.53944,0.33835,0.40217,5.061553985872856e-05
9620,3,0.33074,0.16395,0.33358,5.059535822401615e-05
9640,3,0.23109,0.11873,0.22472,5.0575176589303736e-05
9660,3,0.28654,0.17394,0.2252,5.055499495459132e-05
9680,3,0.19465,0.07927,0.23077,5.053481331987891e-05
9700,3,0.26072,0.09631,0.32883,5.05146316851665e-05
9720,3,0.22632,0.1005,0.25164,5.0494450050454086e-05
9740,3,0.27226,0.12793,0.28865,5.047426841574168e-05
9760,3,0.42222,0.26064,0.32316,5.0454086781029264e-05
9780,3,0.21905,0.1172,0.20369,5.0433905146316856e-05
9800,3,0.22806,0.06387,0.32837,5.041372351160444e-05
9820,3,0.31316,0.17785,0.27061,5.039354187689203e-05
9840,3,0.38308,0.19953,0.3671,5.037336024217961e-05
9860,3,0.32205,0.15791,0.32829,5.0353178607467206e-05
9880,3,0.23675,0.10447,0.26455,5.033299697275479e-05
9900,3,0.3813,0.23745,0.2877,5.0312815338042384e-05
9920,3,0.39393,0.21005,0.36777,5.029263370332997e-05
9940,3,0.25227,0.08812,0.32829,5.027245206861756e-05
9960,3,0.30295,0.13385,0.33821,5.025227043390515e-05
9980,3,0.21256,0.10092,0.22328,5.023208879919274e-05
10000,3,0.17098,0.09101,0.15994,5.021190716448032e-05
10020,3,0.23848,0.13323,0.2105,5.019172552976791e-05
10040,3,0.27624,0.12764,0.2972,5.01715438950555e-05
10060,3,0.27792,0.1469,0.26204,5.015136226034309e-05
10080,3,0.19019,0.10241,0.17555,5.013118062563068e-05
10100,3,0.36714,0.19882,0.33664,5.011099899091827e-05
10120,3,0.20099,0.07617,0.24963,5.009081735620585e-05
10140,3,0.21645,0.11246,0.208,5.0070635721493446e-05
10160,3,0.21837,0.0826,0.27155,5.005045408678103e-05
10180,3,0.16698,0.05792,0.21812,5.003027245206862e-05
10200,3,0.43439,0.23897,0.39084,5.00100908173562e-05
10220,3,0.4292,0.2132,0.432,4.9989909182643795e-05
10240,3,0.19684,0.08253,0.22862,4.996972754793139e-05
10260,3,0.18352,0.08378,0.19948,4.994954591321897e-05
10280,3,0.26807,0.13462,0.2669,4.992936427850656e-05
10300,3,0.22373,0.10505,0.23735,4.990918264379415e-05
10320,3,0.24467,0.10505,0.27924,4.9889001009081744e-05
10340,3,0.33659,0.18326,0.30667,4.986881937436932e-05
10360,3,0.28724,0.14316,0.28815,4.984863773965691e-05
10380,3,0.15022,0.06864,0.16317,4.98284561049445e-05
10400,3,0.3608,0.16664,0.38833,4.980827447023209e-05
10420,3,0.33694,0.16674,0.34039,4.978809283551968e-05
10440,3,0.35714,0.1719,0.37049,4.9767911200807265e-05
10460,3,0.1867,0.06714,0.23912,4.974772956609486e-05
10480,3,0.17313,0.05656,0.23315,4.972754793138245e-05
10500,3,0.20501,0.07638,0.25727,4.970736629667003e-05
10520,3,0.22464,0.083,0.28328,4.9687184661957614e-05
10540,3,0.22,0.093,0.25401,4.966700302724521e-05
10560,3,0.28428,0.13498,0.29861,4.96468213925328e-05
10580,3,0.24551,0.13345,0.22412,4.9626639757820385e-05
10600,3,0.21298,0.11055,0.20486,4.960645812310797e-05
10620,3,0.28042,0.13168,0.29748,4.958627648839556e-05
10640,3,0.20356,0.08708,0.23296,4.9566094853683155e-05
10660,3,0.29872,0.1516,0.29425,4.9545913218970734e-05
10680,3,0.29767,0.13224,0.33085,4.952573158425832e-05
10700,3,0.39157,0.24104,0.30106,4.950554994954591e-05
10720,3,0.22838,0.06778,0.32118,4.9485368314833505e-05
10740,3,0.26554,0.0946,0.34188,4.946518668012109e-05
10760,3,0.25249,0.11926,0.26646,4.9445005045408676e-05
10780,3,0.43414,0.19723,0.47383,4.942482341069627e-05
10800,3,0.21459,0.09962,0.22993,4.940464177598386e-05
10820,3,0.23314,0.10257,0.26114,4.938446014127145e-05
10840,3,0.32637,0.15238,0.34796,4.9364278506559026e-05
10860,3,0.65977,0.46528,0.38898,4.934409687184662e-05
10880,3,0.18817,0.07572,0.22489,4.932391523713421e-05
10900,3,0.34915,0.18695,0.32441,4.9303733602421796e-05
10920,3,0.24696,0.08565,0.32262,4.928355196770939e-05
10940,3,0.23218,0.11756,0.22923,4.9263370332996974e-05
10960,3,0.22241,0.08304,0.27873,4.924318869828457e-05
10980,3,0.58617,0.40682,0.3587,4.922300706357215e-05
11000,3,0.26208,0.11008,0.30398,4.920282542885974e-05
11020,3,0.3768,0.22126,0.3111,4.9182643794147324e-05
11040,3,0.3344,0.19163,0.28552,4.9162462159434916e-05
11060,3,0.35908,0.21386,0.29043,4.91422805247225e-05
11080,3,0.27951,0.11999,0.31904,4.9122098890010094e-05
11100,3,0.20505,0.11213,0.18585,4.910191725529768e-05
11120,3,0.3986,0.19563,0.40594,4.908173562058527e-05
11140,3,0.35243,0.15886,0.38715,4.906155398587286e-05
11160,3,0.38249,0.19874,0.36751,4.904137235116045e-05
11180,3,0.31672,0.12559,0.38227,4.902119071644803e-05
11200,3,0.40384,0.23714,0.3334,4.900100908173562e-05
11220,3,0.24685,0.11597,0.26175,4.898082744702321e-05
11240,3,0.3196,0.14537,0.34845,4.89606458123108e-05
11260,3,0.25772,0.10132,0.31279,4.8940464177598386e-05
11280,3,0.20936,0.0898,0.23911,4.892028254288598e-05
11300,3,0.24215,0.11201,0.26028,4.8900100908173564e-05
11320,3,0.47442,0.29396,0.36092,4.8879919273461156e-05
11340,3,0.32206,0.1345,0.37511,4.8859737638748735e-05
11360,3,0.31154,0.17647,0.27013,4.883955600403633e-05
11380,3,0.20691,0.11096,0.19191,4.881937436932391e-05
11400,3,0.2631,0.11048,0.30525,4.8799192734611506e-05
11420,3,0.2438,0.12262,0.24236,4.877901109989909e-05
11440,3,0.19343,0.06851,0.24983,4.8758829465186684e-05
11460,3,0.49097,0.22991,0.52212,4.873864783047427e-05
11480,3,0.39449,0.24371,0.30156,4.871846619576186e-05
11500,3,0.37272,0.21805,0.30936,4.869828456104945e-05
11520,3,0.30646,0.11497,0.38298,4.867810292633703e-05
11540,3,0.37487,0.22897,0.29181,4.865792129162462e-05
11560,3,0.22855,0.07625,0.30461,4.863773965691221e-05
11580,3,0.35675,0.16717,0.37915,4.86175580221998e-05
11600,3,0.39577,0.22579,0.33995,4.859737638748739e-05
11620,3,0.15875,0.08056,0.15638,4.8577194752774975e-05
11640,3,0.17272,0.06669,0.21206,4.855701311806257e-05
11660,3,0.28736,0.15203,0.27067,4.853683148335015e-05
11680,3,0.29841,0.15409,0.28863,4.851664984863774e-05
11700,3,0.31119,0.16576,0.29087,4.8496468213925325e-05
11720,3,0.27918,0.12873,0.30089,4.847628657921292e-05
11740,3,0.25314,0.09227,0.32173,4.84561049445005e-05
11760,3,0.40254,0.24564,0.31379,4.8435923309788095e-05
11780,3,0.26046,0.13505,0.25083,4.841574167507568e-05
11800,3,0.38291,0.23636,0.2931,4.839556004036327e-05
11820,3,0.32805,0.16802,0.32005,4.8375378405650866e-05
11840,3,0.25953,0.0957,0.32766,4.8355196770938445e-05
11860,3,0.23273,0.06817,0.32912,4.833501513622603e-05
11880,3,0.21753,0.07962,0.27582,4.831483350151362e-05
11900,3,0.3118,0.16179,0.30002,4.8294651866801215e-05
11920,3,0.1721,0.06738,0.20946,4.82744702320888e-05
11940,3,0.23828,0.08974,0.29707,4.8254288597376387e-05
11960,4,0.28228,0.12151,0.32155,4.823410696266398e-05
11980,4,0.30244,0.15168,0.30153,4.821392532795157e-05
12000,4,0.24353,0.07853,0.32999,4.819374369323916e-05
12020,4,0.23232,0.10752,0.2496,4.8173562058526736e-05
12040,4,0.31944,0.1753,0.28827,4.815338042381433e-05
12060,4,0.26105,0.1308,0.2605,4.813319878910192e-05
12080,4,0.2057,0.07457,0.26226,4.8113017154389507e-05
12100,4,0.14958,0.06437,0.17042,4.809283551967709e-05
12120,4,0.2462,0.13891,0.21458,4.8072653884964685e-05
12140,4,0.18399,0.08751,0.19297,4.805247225025228e-05
12160,4,0.47726,0.26792,0.41869,4.803229061553986e-05
12180,4,0.19736,0.08575,0.22321,4.801210898082744e-05
12200,4,0.29604,0.15059,0.2909,4.7991927346115034e-05
12220,4,0.46806,0.31257,0.31098,4.7971745711402627e-05
12240,4,0.21805,0.06007,0.31597,4.795156407669021e-05
12260,4,0.16115,0.08796,0.14639,4.79313824419778e-05
12280,4,0.20915,0.09538,0.22755,4.791120080726539e-05
12300,4,0.41253,0.28276,0.25953,4.789101917255298e-05
12320,4,0.2703,0.12785,0.28488,4.787083753784057e-05
12340,4,0.20596,0.10587,0.20017,4.7850655903128154e-05
12360,4,0.20186,0.10109,0.20154,4.783047426841574e-05
12380,4,0.30758,0.12914,0.35687,4.781029263370333e-05
12400,4,0.19928,0.11058,0.1774,4.779011099899092e-05
12420,4,0.32047,0.15615,0.32864,4.7769929364278504e-05
12440,4,0.21075,0.09758,0.22635,4.7749747729566096e-05
12460,4,0.32073,0.21821,0.20503,4.772956609485369e-05
12480,4,0.19838,0.09146,0.21385,4.7709384460141274e-05
12500,4,0.45975,0.30213,0.31525,4.768920282542886e-05
12520,4,0.32112,0.14793,0.34639,4.7669021190716446e-05
12540,4,0.2731,0.14558,0.25503,4.764883955600404e-05
12560,4,0.21511,0.09746,0.2353,4.7628657921291624e-05
12580,4,0.2578,0.11811,0.27936,4.760847628657921e-05
12600,4,0.19947,0.08354,0.23186,4.75882946518668e-05
12620,4,0.25142,0.12426,0.25432,4.7568113017154394e-05
12640,4,0.2045,0.08714,0.23471,4.754793138244198e-05
12660,4,0.21528,0.06928,0.29199,4.752774974772957e-05
12680,4,0.20752,0.10271,0.20962,4.750756811301716e-05
12700,4,0.19167,0.07291,0.23751,4.7487386478304744e-05
12720,4,0.33568,0.16194,0.34747,4.746720484359233e-05
12740,4,0.24864,0.12596,0.24536,4.744702320887992e-05
12760,4,0.26907,0.11514,0.30785,4.742684157416751e-05
12780,4,0.39029,0.23939,0.30181,4.74066599394551e-05
12800,4,0.45837,0.2609,0.39493,4.7386478304742686e-05
12820,4,0.28355,0.12132,0.32446,4.736629667003028e-05
12840,4,0.28586,0.15979,0.25214,4.7346115035317864e-05
12860,4,0.20699,0.08026,0.25346,4.732593340060545e-05
12880,4,0.30649,0.16864,0.27571,4.7305751765893035e-05
12900,4,0.22314,0.0875,0.27128,4.728557013118063e-05
12920,4,0.21927,0.10289,0.23276,4.726538849646821e-05
12940,4,0.25971,0.16123,0.19696,4.7245206861755806e-05
12960,4,0.51995,0.29651,0.44687,4.722502522704339e-05
12980,4,0.20308,0.08268,0.2408,4.7204843592330984e-05
13000,4,0.31054,0.14927,0.32254,4.718466195761857e-05
13020,4,0.2824,0.12749,0.30981,4.7164480322906155e-05
13040,4,0.27869,0.12645,0.30449,4.714429868819374e-05
13060,4,0.2707,0.13655,0.26831,4.712411705348133e-05
13080,4,0.24206,0.12395,0.23623,4.710393541876892e-05
13100,4,0.21927,0.09629,0.24595,4.708375378405651e-05
13120,4,0.34133,0.17928,0.32409,4.70635721493441e-05
13140,4,0.1491,0.06532,0.16755,4.704339051463169e-05
13160,4,0.23698,0.11427,0.24544,4.7023208879919275e-05
13180,4,0.17471,0.10184,0.14575,4.700302724520687e-05
13200,4,0.34122,0.18253,0.31738,4.6982845610494446e-05
13220,4,0.26747,0.16216,0.21062,4.696266397578204e-05
13240,4,0.34349,0.23649,0.21399,4.6942482341069625e-05
13260,4,0.12274,0.06339,0.11869,4.692230070635722e-05
13280,4,0.25881,0.15566,0.20631,4.69021190716448e-05
13300,4,0.19594,0.10949,0.1729,4.6881937436932395e-05
13320,4,0.14886,0.08542,0.12689,4.686175580221998e-05
13340,4,0.19311,0.08087,0.22447,4.684157416750757e-05
13360,4,0.21786,0.11702,0.20169,4.682139253279515e-05
13380,4,0.27979,0.201,0.15758,4.6801210898082745e-05
13400,4,0.56213,0.33868,0.44691,4.678102926337033e-05
13420,4,0.24681,0.13473,0.22417,4.676084762865792e-05
13440,4,0.2558,0.1414,0.2288,4.674066599394551e-05
13460,4,0.50759,0.32846,0.35826,4.67204843592331e-05
13480,4,0.20463,0.09058,0.2281,4.670030272452069e-05
13500,4,0.26243,0.11284,0.29917,4.668012108980828e-05
13520,4,0.29667,0.20841,0.17652,4.6659939455095865e-05
13540,4,0.15672,0.08049,0.15245,4.663975782038345e-05
13560,4,0.2205,0.10971,0.22157,4.661957618567104e-05
13580,4,0.21252,0.09524,0.23455,4.659939455095863e-05
13600,4,0.25873,0.13886,0.23975,4.6579212916246214e-05
13620,4,0.21152,0.09693,0.2292,4.6559031281533806e-05
13640,4,0.21979,0.1133,0.21298,4.65388496468214e-05
13660,4,0.25174,0.14083,0.22183,4.6518668012108985e-05
13680,4,0.13607,0.07304,0.12606,4.649848637739657e-05
13700,4,0.16734,0.07258,0.18953,4.6478304742684156e-05
13720,4,0.15329,0.07841,0.14977,4.645812310797175e-05
13740,4,0.29287,0.11624,0.35326,4.6437941473259334e-05
13760,4,0.25277,0.10271,0.30012,4.641775983854692e-05
13780,4,0.16338,0.07308,0.1806,4.639757820383451e-05
13800,4,0.30005,0.15658,0.28693,4.6377396569122105e-05
13820,4,0.15478,0.05423,0.20109,4.635721493440969e-05
13840,4,0.27307,0.13679,0.27256,4.6337033299697276e-05
13860,4,0.39943,0.27715,0.24456,4.631685166498486e-05
13880,4,0.22199,0.07808,0.28782,4.6296670030272454e-05
13900,4,0.33268,0.18367,0.29801,4.627648839556004e-05
13920,4,0.38214,0.22615,0.31198,4.6256306760847625e-05
13940,4,0.3312,0.18015,0.3021,4.623612512613522e-05
13960,4,0.17754,0.08444,0.18618,4.621594349142281e-05
13980,4,0.20223,0.10179,0.20088,4.6195761856710396e-05
14000,4,0.33996,0.20281,0.27432,4.617558022199798e-05
14020,4,0.18839,0.08818,0.20042,4.6155398587285574e-05
14040,4,0.22937,0.13094,0.19685,4.613521695257316e-05
14060,4,0.23663,0.15392,0.16542,4.6115035317860745e-05
14080,4,0.23378,0.15296,0.16165,4.609485368314833e-05
14100,4,0.33572,0.21517,0.2411,4.6074672048435924e-05
14120,4,0.37218,0.16554,0.41328,4.6054490413723516e-05
14140,4,0.18273,0.07621,0.21304,4.60343087790111e-05
14160,4,0.21007,0.11127,0.19759,4.601412714429869e-05
14180,4,0.25163,0.14274,0.21778,4.599394550958628e-05
14200,4,0.33251,0.17134,0.32234,4.5973763874873865e-05
14220,4,0.17528,0.07513,0.20031,4.595358224016145e-05
14240,4,0.20247,0.10029,0.20435,4.593340060544904e-05
14260,4,0.28555,0.16806,0.23498,4.591321897073663e-05
14280,4,0.16963,0.06276,0.21374,4.589303733602422e-05
14300,4,0.41929,0.25302,0.33255,4.587285570131181e-05
14320,4,0.20248,0.06396,0.27705,4.58526740665994e-05
14340,4,0.12341,0.05695,0.13292,4.5832492431886985e-05
14360,4,0.24668,0.13184,0.22968,4.581231079717458e-05
14380,4,0.26743,0.15529,0.22426,4.579212916246216e-05
14400,4,0.19286,0.12272,0.14028,4.577194752774975e-05
14420,4,0.32099,0.18756,0.26687,4.5751765893037335e-05
14440,4,0.35963,0.19842,0.32242,4.573158425832493e-05
14460,4,0.22057,0.12793,0.18529,4.571140262361251e-05
14480,4,0.29458,0.14343,0.30231,4.5691220988900106e-05
14500,4,0.16908,0.09,0.15817,4.567103935418769e-05
14520,4,0.26849,0.13057,0.27584,4.5650857719475284e-05
14540,4,0.58977,0.42427,0.331,4.563067608476286e-05
14560,4,0.18563,0.08807,0.19512,4.5610494450050455e-05
14580,4,0.1692,0.07259,0.19321,4.559031281533804e-05
14600,4,0.19656,0.08781,0.2175,4.557013118062563e-05
14620,4,0.25577,0.09419,0.32318,4.554994954591322e-05
14640,4,0.28232,0.13152,0.3016,4.552976791120081e-05
14660,4,0.13202,0.06807,0.12791,4.55095862764884e-05
14680,4,0.14875,0.07729,0.14292,4.548940464177599e-05
14700,4,0.23719,0.13411,0.20616,4.5469223007063575e-05
14720,4,0.1914,0.06426,0.25428,4.544904137235116e-05
14740,4,0.27787,0.12791,0.29992,4.5428859737638746e-05
14760,4,0.37883,0.24103,0.27561,4.540867810292634e-05
14780,4,0.39387,0.28415,0.21943,4.5388496468213924e-05
14800,4,0.3339,0.177,0.3138,4.536831483350152e-05
14820,4,0.23577,0.1398,0.19193,4.53481331987891e-05
14840,4,0.21121,0.11408,0.19425,4.5327951564076695e-05
14860,4,0.16746,0.07382,0.18729,4.530776992936428e-05
14880,4,0.22833,0.13138,0.1939,4.5287588294651866e-05
14900,4,0.43495,0.3134,0.2431,4.526740665993945e-05
14920,4,0.14843,0.06237,0.17211,4.5247225025227044e-05
14940,4,0.18198,0.1017,0.16056,4.522704339051463e-05
14960,4,0.27909,0.16776,0.22266,4.520686175580222e-05
14980,4,0.30744,0.13657,0.34174,4.518668012108981e-05
15000,4,0.21079,0.08494,0.25171,4.51664984863774e-05
15020,4,0.18608,0.09778,0.17662,4.5146316851664986e-05
15040,4,0.15368,0.07258,0.16218,4.512613521695257e-05
15060,4,0.3798,0.22101,0.31759,4.510595358224016e-05
15080,4,0.32417,0.16474,0.31886,4.508577194752775e-05
15100,4,0.17218,0.09737,0.14962,4.5065590312815336e-05
15120,4,0.28463,0.14436,0.28053,4.504540867810293e-05
15140,4,0.14767,0.06636,0.16262,4.5025227043390514e-05
15160,4,0.30295,0.13002,0.34586,4.5005045408678106e-05
15180,4,0.24734,0.13851,0.21766,4.498486377396569e-05
15200,4,0.35666,0.18871,0.3359,4.4964682139253285e-05
15220,4,0.18248,0.07304,0.21889,4.494450050454087e-05
15240,4,0.3497,0.15113,0.39713,4.4924318869828456e-05
15260,4,0.18838,0.09734,0.18208,4.490413723511604e-05
15280,4,0.43531,0.27126,0.32811,4.4883955600403634e-05
15300,4,0.17107,0.08726,0.16761,4.4863773965691226e-05
15320,4,0.44124,0.24246,0.39756,4.484359233097881e-05
15340,4,0.20509,0.11382,0.18255,4.48234106962664e-05
15360,4,0.39042,0.25786,0.26513,4.480322906155399e-05
15380,4,0.36337,0.19236,0.34203,4.4783047426841576e-05
15400,4,0.29266,0.1758,0.23372,4.476286579212916e-05
15420,4,0.13931,0.05798,0.16266,4.474268415741675e-05
15440,4,0.21482,0.09827,0.2331,4.472250252270434e-05
15460,4,0.16943,0.06355,0.21175,4.470232088799193e-05
15480,4,0.28842,0.1671,0.24263,4.468213925327952e-05
15500,4,0.26065,0.09684,0.32763,4.4661957618567103e-05
15520,4,0.26077,0.15673,0.20808,4.4641775983854696e-05
15540,4,0.16066,0.0764,0.16853,4.462159434914229e-05
15560,4,0.22895,0.09739,0.26312,4.460141271442987e-05
15580,4,0.24572,0.14215,0.20715,4.458123107971745e-05
15600,4,0.26621,0.11023,0.31194,4.4561049445005045e-05
15620,4,0.3265,0.17471,0.30358,4.454086781029264e-05
15640,4,0.19945,0.10642,0.18606,4.4520686175580223e-05
15660,4,0.19105,0.10082,0.18047,4.450050454086781e-05
15680,4,0.19958,0.10871,0.18174,4.44803229061554e-05
15700,4,0.14761,0.07739,0.14044,4.4460141271442994e-05
15720,4,0.1922,0.0937,0.19702,4.443995963673057e-05
15740,4,0.26292,0.10751,0.31081,4.441977800201816e-05
15760,4,0.4801,0.33081,0.29856,4.439959636730575e-05
15780,4,0.23267,0.10525,0.25484,4.4379414732593344e-05
15800,4,0.19707,0.08694,0.22027,4.435923309788093e-05
15820,4,0.18775,0.07662,0.22225,4.4339051463168515e-05
15840,4,0.15384,0.08015,0.14738,4.431886982845611e-05
15860,4,0.32566,0.1324,0.38652,4.42986881937437e-05
15880,4,0.24903,0.13981,0.21844,4.4278506559031285e-05
15900,4,0.30171,0.1705,0.26242,4.4258324924318864e-05
15920,4,0.73574,0.59269,0.2861,4.423814328960646e-05
15940,5,0.32328,0.19715,0.25227,4.421796165489405e-05
15960,5,0.51916,0.36,0.31832,4.4197780020181635e-05
15980,5,0.15644,0.06654,0.17981,4.417759838546922e-05
16000,5,0.23531,0.11698,0.23666,4.415741675075681e-05
16020,5,0.24342,0.12625,0.23434,4.4137235116044405e-05
16040,5,0.14888,0.0563,0.18515,4.411705348133199e-05
16060,5,0.38164,0.23558,0.29212,4.409687184661957e-05
16080,5,0.21492,0.1042,0.22143,4.407669021190716e-05
16100,5,0.31976,0.16713,0.30525,4.4056508577194755e-05
16120,5,0.1814,0.09302,0.17676,4.403632694248234e-05
16140,5,0.27842,0.12034,0.31615,4.4016145307769926e-05
16160,5,0.16526,0.07177,0.18698,4.399596367305752e-05
16180,5,0.24038,0.13745,0.20586,4.397578203834511e-05
16200,5,0.28276,0.16212,0.24129,4.39556004036327e-05
16220,5,0.18129,0.07237,0.21783,4.3935418768920276e-05
16240,5,0.21514,0.09317,0.24394,4.391523713420787e-05
16260,5,0.14207,0.07553,0.13307,4.389505549949546e-05
16280,5,0.21935,0.10259,0.23351,4.3874873864783046e-05
16300,5,0.21588,0.13606,0.15964,4.385469223007063e-05
16320,5,0.32282,0.13764,0.37035,4.3834510595358224e-05
16340,5,0.21043,0.14025,0.14036,4.381432896064582e-05
16360,5,0.18444,0.09353,0.18182,4.37941473259334e-05
16380,5,0.2374,0.12749,0.21983,4.377396569122099e-05
16400,5,0.16708,0.10022,0.13372,4.3753784056508574e-05
16420,5,0.24981,0.09307,0.31349,4.3733602421796166e-05
16440,5,0.1283,0.05946,0.13769,4.371342078708375e-05
16460,5,0.18577,0.0898,0.19194,4.3693239152371344e-05
16480,5,0.56592,0.4201,0.29163,4.367305751765894e-05
16500,5,0.16657,0.0801,0.17295,4.365287588294652e-05
16520,5,0.20234,0.12335,0.158,4.363269424823411e-05
16540,5,0.23167,0.15178,0.15978,4.36125126135217e-05
16560,5,0.18811,0.06514,0.24593,4.3592330978809286e-05
16580,5,0.26494,0.14858,0.23273,4.357214934409687e-05
16600,5,0.20689,0.09313,0.22753,4.355196770938446e-05
16620,5,0.27343,0.1393,0.26827,4.353178607467205e-05
16640,5,0.14871,0.06479,0.16784,4.351160443995964e-05
16660,5,0.30683,0.14721,0.31923,4.349142280524723e-05
16680,5,0.16582,0.07444,0.18277,4.3471241170534814e-05
16700,5,0.32908,0.23602,0.18613,4.3451059535822406e-05
16720,5,0.18657,0.07582,0.2215,4.343087790111e-05
16740,5,0.27285,0.15373,0.23824,4.341069626639758e-05
16760,5,0.16146,0.09631,0.13029,4.339051463168516e-05
16780,5,0.19996,0.10918,0.18158,4.3370332996972756e-05
16800,5,0.22934,0.13157,0.19553,4.335015136226035e-05
16820,5,0.1138,0.05522,0.11716,4.3329969727547934e-05
16840,5,0.24648,0.13708,0.21878,4.330978809283552e-05
16860,5,0.24303,0.15304,0.17997,4.328960645812311e-05
16880,5,0.15844,0.08165,0.15356,4.3269424823410704e-05
16900,5,0.35414,0.23806,0.23217,4.324924318869828e-05
16920,5,0.22005,0.09435,0.25141,4.322906155398587e-05
16940,5,0.17851,0.09343,0.17016,4.320887991927346e-05
16960,5,0.26666,0.11854,0.29625,4.3188698284561054e-05
16980,5,0.21163,0.1011,0.22106,4.316851664984864e-05
17000,5,0.35273,0.22431,0.25684,4.3148335015136225e-05
17020,5,0.28722,0.18576,0.20292,4.312815338042382e-05
17040,5,0.23444,0.12644,0.216,4.310797174571141e-05
17060,5,0.21508,0.09252,0.24512,4.308779011099899e-05
17080,5,0.16057,0.07237,0.17639,4.3067608476286575e-05
17100,5,0.20171,0.11691,0.1696,4.304742684157417e-05
17120,5,0.14032,0.05914,0.16236,4.302724520686176e-05
17140,5,0.19089,0.09001,0.20175,4.3007063572149345e-05
17160,5,0.21484,0.10958,0.21051,4.298688193743693e-05
17180,5,0.21962,0.10533,0.22858,4.2966700302724523e-05
17200,5,0.22318,0.11238,0.2216,4.2946518668012116e-05
17220,5,0.17419,0.07705,0.19427,4.29263370332997e-05
17240,5,0.33011,0.20674,0.24674,4.290615539858728e-05
17260,5,0.19401,0.09348,0.20105,4.288597376387487e-05
17280,5,0.27245,0.1536,0.23771,4.2865792129162465e-05
17300,5,0.22454,0.09233,0.26443,4.284561049445005e-05
17320,5,0.13085,0.06555,0.13061,4.282542885973764e-05
17340,5,0.28027,0.15288,0.25478,4.280524722502523e-05
17360,5,0.35844,0.21895,0.27897,4.278506559031282e-05
17380,5,0.16966,0.07264,0.19406,4.276488395560041e-05
17400,5,0.29323,0.15136,0.28374,4.2744702320887986e-05
17420,5,0.21718,0.10223,0.22989,4.272452068617558e-05
17440,5,0.23057,0.13425,0.19262,4.270433905146317e-05
17460,5,0.37361,0.24451,0.25821,4.268415741675076e-05
17480,5,0.45235,0.31161,0.28148,4.266397578203834e-05
17500,5,0.37328,0.21641,0.31375,4.2643794147325935e-05
17520,5,0.26702,0.16069,0.21265,4.262361251261353e-05
17540,5,0.17239,0.08973,0.16533,4.260343087790111e-05
17560,5,0.20673,0.11888,0.17569,4.25832492431887e-05
17580,5,0.39766,0.25457,0.28617,4.2563067608476284e-05
17600,5,0.27206,0.14861,0.2469,4.254288597376388e-05
17620,5,0.14549,0.09136,0.10825,4.252270433905146e-05
17640,5,0.49755,0.32486,0.34537,4.250252270433905e-05
17660,5,0.16416,0.07856,0.17121,4.248234106962664e-05
17680,5,0.134,0.07748,0.11304,4.246215943491423e-05
17700,5,0.25989,0.15084,0.21811,4.244197780020182e-05
17720,5,0.2833,0.13514,0.29632,4.2421796165489404e-05
17740,5,0.15726,0.08039,0.15374,4.240161453077699e-05
17760,5,0.13012,0.0743,0.11165,4.238143289606458e-05
17780,5,0.15535,0.07919,0.15233,4.236125126135217e-05
17800,5,0.23749,0.12597,0.22303,4.2341069626639754e-05
17820,5,0.20491,0.08406,0.24171,4.2320887991927346e-05
17840,5,0.25062,0.15073,0.19976,4.230070635721494e-05
17860,5,0.21191,0.09215,0.23953,4.2280524722502524e-05
17880,5,0.20813,0.11068,0.19488,4.226034308779011e-05
17900,5,0.17281,0.08702,0.17159,4.22401614530777e-05
17920,5,0.18391,0.09736,0.1731,4.221997981836529e-05
17940,5,0.34126,0.21637,0.24978,4.2199798183652874e-05
17960,5,0.20066,0.09611,0.2091,4.217961654894046e-05
17980,5,0.28978,0.17012,0.23932,4.215943491422805e-05
18000,5,0.16609,0.06794,0.1963,4.2139253279515644e-05
18020,5,0.18858,0.09977,0.17763,4.211907164480323e-05
18040,5,0.22563,0.11299,0.22528,4.2098890010090816e-05
18060,5,0.26,0.12773,0.26454,4.207870837537841e-05
18080,5,0.12151,0.07141,0.1002,4.2058526740665994e-05
18100,5,0.33238,0.21118,0.24239,4.203834510595358e-05
18120,5,0.3809,0.24927,0.26327,4.2018163471241165e-05
18140,5,0.30616,0.16734,0.27765,4.1997981836528764e-05
18160,5,0.26518,0.1426,0.24516,4.197780020181635e-05
18180,5,0.28264,0.13496,0.29537,4.1957618567103936e-05
18200,5,0.16118,0.06982,0.18272,4.193743693239153e-05
18220,5,0.23942,0.11322,0.25239,4.191725529767912e-05
18240,5,0.3351,0.20569,0.25882,4.18970736629667e-05
18260,5,0.26086,0.12299,0.27575,4.1876892028254285e-05
18280,5,0.22521,0.11032,0.22979,4.185671039354188e-05
18300,5,0.25146,0.1154,0.27212,4.183652875882947e-05
18320,5,0.18135,0.09648,0.16973,4.1816347124117056e-05
18340,5,0.19317,0.10235,0.18165,4.179616548940464e-05
18360,5,0.25901,0.1237,0.27061,4.1775983854692234e-05
18380,5,0.20389,0.10413,0.19952,4.1755802219979826e-05
18400,5,0.30478,0.18341,0.24274,4.173562058526741e-05
18420,5,0.29051,0.11793,0.34516,4.171543895055499e-05
18440,5,0.2401,0.11069,0.25881,4.169525731584258e-05
18460,5,0.32306,0.16391,0.31829,4.1675075681130176e-05
18480,5,0.16577,0.06262,0.20629,4.165489404641776e-05
18500,5,0.22989,0.1443,0.1712,4.163471241170535e-05
18520,5,0.23265,0.1446,0.1761,4.161453077699294e-05
18540,5,0.34284,0.19997,0.28573,4.159434914228053e-05
18560,5,0.17398,0.07028,0.2074,4.157416750756812e-05
18580,5,0.19133,0.08336,0.21593,4.1553985872855697e-05
18600,5,0.45126,0.28048,0.34156,4.153380423814329e-05
18620,5,0.31359,0.18161,0.26396,4.151362260343088e-05
18640,5,0.22852,0.09825,0.26055,4.149344096871847e-05
18660,5,0.24039,0.14708,0.18663,4.147325933400605e-05
18680,5,0.23785,0.10913,0.25745,4.1453077699293645e-05
18700,5,0.20124,0.07824,0.24602,4.143289606458124e-05
18720,5,0.441,0.2758,0.33039,4.141271442986882e-05
18740,5,0.18579,0.11971,0.13215,4.139253279515641e-05
18760,5,0.15573,0.08091,0.14963,4.1372351160443995e-05
18780,5,0.22801,0.13117,0.19368,4.135216952573159e-05
18800,5,0.17629,0.10165,0.14929,4.133198789101917e-05
18820,5,0.24768,0.11878,0.25779,4.131180625630676e-05
18840,5,0.22002,0.14759,0.14486,4.129162462159435e-05
18860,5,0.46373,0.30132,0.32482,4.127144298688194e-05
18880,5,0.16933,0.06764,0.20337,4.125126135216953e-05
18900,5,0.33339,0.21712,0.23254,4.1231079717457115e-05
18920,5,0.18187,0.0874,0.18894,4.12108980827447e-05
18940,5,0.33562,0.18886,0.2935,4.119071644803229e-05
18960,5,0.20026,0.09276,0.215,4.117053481331988e-05
18980,5,0.16812,0.07903,0.17817,4.1150353178607464e-05
19000,5,0.21053,0.09776,0.22556,4.113017154389506e-05
19020,5,0.2561,0.14471,0.22278,4.110998990918265e-05
19040,5,0.19406,0.07016,0.2478,4.1089808274470235e-05
19060,5,0.17787,0.06099,0.23377,4.106962663975782e-05
19080,5,0.21929,0.11231,0.21396,4.104944500504541e-05
19100,5,0.35117,0.22223,0.25787,4.1029263370333e-05
19120,5,0.18731,0.11109,0.15244,4.1009081735620584e-05
19140,5,0.18936,0.07837,0.22199,4.098890010090817e-05
19160,5,0.14626,0.06356,0.16539,4.096871846619576e-05
19180,5,0.23685,0.09986,0.27398,4.0948536831483355e-05
19200,5,0.15541,0.06816,0.17451,4.092835519677094e-05
19220,5,0.27785,0.09666,0.36237,4.0908173562058526e-05
19240,5,0.19598,0.08642,0.21913,4.088799192734612e-05
19260,5,0.14849,0.06842,0.16014,4.0867810292633704e-05
19280,5,0.20345,0.09671,0.21348,4.084762865792129e-05
19300,5,0.26368,0.14755,0.23226,4.0827447023208876e-05
19320,5,0.14074,0.07003,0.14142,4.080726538849647e-05
19340,5,0.23382,0.1195,0.22864,4.078708375378406e-05
19360,5,0.20888,0.10278,0.21218,4.0766902119071646e-05
19380,5,0.17611,0.08168,0.18886,4.074672048435923e-05
19400,5,0.41008,0.2318,0.35656,4.0726538849646824e-05
19420,5,0.23318,0.10603,0.25429,4.070635721493441e-05
19440,5,0.14735,0.06443,0.16584,4.0686175580221996e-05
19460,5,0.58998,0.46814,0.24368,4.066599394550958e-05
19480,5,0.28668,0.14322,0.28694,4.0645812310797174e-05
19500,5,0.1358,0.05565,0.1603,4.0625630676084766e-05
19520,5,0.41222,0.30123,0.22198,4.060544904137235e-05
19540,5,0.36688,0.25738,0.219,4.058526740665994e-05
19560,5,0.20993,0.09445,0.23096,4.056508577194753e-05
19580,5,0.12532,0.06094,0.12876,4.054490413723512e-05
19600,5,0.22186,0.11638,0.21097,4.05247225025227e-05
19620,5,0.23763,0.12566,0.22394,4.050454086781029e-05
19640,5,0.21245,0.13163,0.16164,4.048435923309788e-05
19660,5,0.24379,0.1221,0.24337,4.046417759838547e-05
19680,5,0.28644,0.15201,0.26887,4.044399596367306e-05
19700,5,0.16248,0.08896,0.14703,4.042381432896064e-05
19720,5,0.26817,0.17075,0.19484,4.0403632694248236e-05
19740,5,0.19896,0.07528,0.24736,4.038345105953583e-05
19760,5,0.2052,0.13407,0.14227,4.036326942482341e-05
19780,5,0.22567,0.11573,0.21987,4.034308779011099e-05
19800,5,0.22562,0.10441,0.24243,4.0322906155398585e-05
19820,5,0.18189,0.08431,0.19517,4.030272452068618e-05
19840,5,0.43127,0.27711,0.30832,4.028254288597376e-05
19860,5,0.15377,0.08323,0.14109,4.0262361251261356e-05
19880,5,0.13779,0.08323,0.1091,4.024217961654895e-05
19900,5,0.18121,0.11145,0.13952,4.0221997981836534e-05
19920,5,0.20002,0.09501,0.21001,4.020181634712412e-05
19940,6,0.30543,0.12913,0.3526,4.0181634712411705e-05
19960,6,0.34936,0.25124,0.19626,4.01614530776993e-05
19980,6,0.23113,0.10758,0.2471,4.014127144298688e-05
20000,6,0.22575,0.12849,0.19452,4.012108980827447e-05
20020,6,0.22611,0.1286,0.19502,4.010090817356206e-05
20040,6,0.28946,0.16218,0.25455,4.0080726538849654e-05
20060,6,0.52659,0.36302,0.32713,4.006054490413724e-05
20080,6,0.29066,0.16039,0.26055,4.0040363269424825e-05
20100,6,0.36558,0.28372,0.16372,4.002018163471241e-05
20120,6,0.23212,0.09752,0.2692,4e-05
20140,6,0.10161,0.04906,0.10511,3.997981836528759e-05
20160,6,0.20032,0.08818,0.22428,3.9959636730575175e-05
20180,6,0.24864,0.11565,0.26599,3.993945509586277e-05
20200,6,0.25447,0.12867,0.2516,3.991927346115036e-05
20220,6,0.38947,0.25833,0.26229,3.9899091826437945e-05
20240,6,0.16105,0.07923,0.16365,3.987891019172553e-05
20260,6,0.24286,0.09932,0.28709,3.985872855701312e-05
20280,6,0.25925,0.10392,0.31065,3.983854692230071e-05
20300,6,0.26754,0.12141,0.29226,3.9818365287588295e-05
20320,6,0.22535,0.09189,0.26694,3.979818365287588e-05
20340,6,0.18409,0.09058,0.18702,3.977800201816347e-05
20360,6,0.23248,0.10619,0.25259,3.9757820383451065e-05
20380,6,0.20672,0.09416,0.22513,3.973763874873865e-05
20400,6,0.30333,0.16705,0.27257,3.9717457114026237e-05
20420,6,0.32841,0.20095,0.25493,3.969727547931383e-05
20440,6,0.26083,0.15367,0.21431,3.9677093844601415e-05
20460,6,0.15077,0.0681,0.16535,3.9656912209889e-05
20480,6,0.25576,0.15655,0.19842,3.9636730575176586e-05
20500,6,0.229,0.1067,0.24459,3.961654894046418e-05
20520,6,0.17413,0.08346,0.18135,3.959636730575177e-05
20540,6,0.20781,0.11384,0.18795,3.9576185671039357e-05
20560,6,0.2084,0.05923,0.29835,3.955600403632694e-05
20580,6,0.16067,0.06921,0.18291,3.9535822401614535e-05
20600,6,0.14698,0.08343,0.12711,3.951564076690212e-05
20620,6,0.24096,0.12062,0.24067,3.9495459132189706e-05
20640,6,0.68399,0.54452,0.27895,3.947527749747729e-05
20660,6,0.2774,0.11454,0.32573,3.9455095862764884e-05
20680,6,0.27861,0.1588,0.23962,3.9434914228052477e-05
20700,6,0.24912,0.13259,0.23307,3.941473259334006e-05
20720,6,0.15997,0.06136,0.19722,3.939455095862765e-05
20740,6,0.44705,0.32159,0.25093,3.937436932391524e-05
20760,6,0.18547,0.09665,0.17765,3.935418768920283e-05
20780,6,0.18048,0.12061,0.11974,3.933400605449041e-05
20800,6,0.14995,0.062,0.17591,3.9313824419778e-05
20820,6,0.16953,0.06703,0.20498,3.929364278506559e-05
20840,6,0.25027,0.11829,0.26396,3.927346115035318e-05
20860,6,0.1724,0.09689,0.15102,3.925327951564077e-05
20880,6,0.24044,0.1094,0.26208,3.9233097880928354e-05
20900,6,0.19051,0.08024,0.22054,3.9212916246215946e-05
20920,6,0.1675,0.07284,0.18933,3.919273461150354e-05
20940,6,0.73143,0.60637,0.25011,3.917255297679112e-05
20960,6,0.13864,0.0622,0.15288,3.91523713420787e-05
20980,6,0.24221,0.16248,0.15945,3.9132189707366296e-05
21000,6,0.13966,0.07068,0.13796,3.911200807265389e-05
21020,6,0.18964,0.08168,0.21591,3.9091826437941474e-05
21040,6,0.2007,0.12376,0.15389,3.907164480322906e-05
21060,6,0.40288,0.27565,0.25446,3.905146316851665e-05
21080,6,0.23188,0.10369,0.25639,3.9031281533804244e-05
21100,6,0.30456,0.15336,0.3024,3.901109989909183e-05
21120,6,0.1633,0.07574,0.17511,3.899091826437941e-05
21140,6,0.22694,0.12002,0.21383,3.8970736629667e-05
21160,6,0.1445,0.08635,0.11629,3.8950554994954594e-05
21180,6,0.11096,0.05254,0.11684,3.893037336024218e-05
21200,6,0.16034,0.06454,0.19161,3.8910191725529765e-05
21220,6,0.261,0.12758,0.26685,3.889001009081736e-05
21240,6,0.17955,0.07759,0.2039,3.886982845610495e-05
21260,6,0.16505,0.08264,0.16482,3.8849646821392536e-05
21280,6,0.14517,0.07905,0.13223,3.8829465186680114e-05
21300,6,0.14209,0.07539,0.1334,3.880928355196771e-05
21320,6,0.30321,0.15335,0.29972,3.87891019172553e-05
21340,6,0.21148,0.10383,0.21531,3.8768920282542885e-05
21360,6,0.29313,0.19037,0.20551,3.874873864783047e-05
21380,6,0.27537,0.11925,0.31224,3.872855701311806e-05
21400,6,0.30428,0.1891,0.23036,3.8708375378405656e-05
21420,6,0.209,0.09863,0.22072,3.868819374369324e-05
21440,6,0.18333,0.0953,0.17606,3.866801210898083e-05
21460,6,0.24712,0.09414,0.30596,3.864783047426841e-05
21480,6,0.11148,0.04951,0.12392,3.8627648839556005e-05
21500,6,0.20639,0.09938,0.21402,3.860746720484359e-05
21520,6,0.2686,0.14783,0.24155,3.8587285570131176e-05
21540,6,0.22414,0.12304,0.20219,3.8567103935418776e-05
21560,6,0.21981,0.10438,0.23086,3.854692230070636e-05
21580,6,0.14404,0.08619,0.1157,3.852674066599395e-05
21600,6,0.2017,0.07491,0.25358,3.850655903128154e-05
21620,6,0.2342,0.12014,0.2281,3.8486377396569125e-05
21640,6,0.22769,0.11087,0.23363,3.846619576185671e-05
21660,6,0.2365,0.10294,0.26711,3.8446014127144296e-05
21680,6,0.22051,0.08433,0.27237,3.842583249243189e-05
21700,6,0.14276,0.0752,0.13513,3.840565085771948e-05
21720,6,0.17323,0.09118,0.16409,3.838546922300707e-05
21740,6,0.20568,0.10027,0.21082,3.836528758829465e-05
21760,6,0.31744,0.1751,0.28468,3.8345105953582245e-05
21780,6,0.12232,0.07163,0.10138,3.832492431886983e-05
21800,6,0.17684,0.07879,0.19611,3.8304742684157416e-05
21820,6,0.21891,0.09456,0.24872,3.8284561049445e-05
21840,6,0.33912,0.17468,0.3289,3.8264379414732595e-05
21860,6,0.46918,0.35588,0.22659,3.824419778002019e-05
21880,6,0.2613,0.15782,0.20697,3.822401614530777e-05
21900,6,0.2016,0.10681,0.18957,3.820383451059536e-05
21920,6,0.50029,0.41363,0.17334,3.818365287588295e-05
21940,6,0.12954,0.05079,0.15748,3.816347124117054e-05
21960,6,0.23684,0.10292,0.26784,3.814328960645812e-05
21980,6,0.44486,0.26225,0.36522,3.812310797174571e-05
22000,6,0.62154,0.45041,0.34226,3.81029263370333e-05
22020,6,0.52525,0.34803,0.35444,3.808274470232089e-05
22040,6,0.28889,0.1412,0.29538,3.806256306760848e-05
22060,6,0.13575,0.05384,0.16381,3.8042381432896064e-05
22080,6,0.1519,0.0722,0.15942,3.8022199798183656e-05
22100,6,0.34366,0.21714,0.25305,3.800201816347125e-05
22120,6,0.17754,0.10591,0.14327,3.798183652875883e-05
22140,6,0.22966,0.13424,0.19083,3.7961654894046414e-05
22160,6,0.13464,0.06028,0.14872,3.7941473259334006e-05
22180,6,0.18182,0.07904,0.20555,3.79212916246216e-05
22200,6,0.14159,0.07693,0.12932,3.7901109989909184e-05
22220,6,0.17394,0.08361,0.18066,3.788092835519677e-05
22240,6,0.22348,0.10103,0.2449,3.786074672048436e-05
22260,6,0.15801,0.06444,0.18713,3.7840565085771955e-05
22280,6,0.10885,0.05127,0.11516,3.782038345105954e-05
22300,6,0.31217,0.14751,0.32933,3.780020181634712e-05
22320,6,0.12596,0.05574,0.14045,3.778002018163471e-05
22340,6,0.21359,0.1139,0.19937,3.7759838546922304e-05
22360,6,0.25927,0.11705,0.28444,3.773965691220989e-05
22380,6,0.14955,0.06875,0.16161,3.7719475277497475e-05
22400,6,0.3526,0.16283,0.37953,3.769929364278507e-05
22420,6,0.46776,0.34234,0.25084,3.767911200807266e-05
22440,6,0.20067,0.13748,0.12638,3.7658930373360246e-05
22460,6,0.152,0.08908,0.12584,3.7638748738647825e-05
22480,6,0.24457,0.13796,0.21322,3.761856710393542e-05
22500,6,0.28034,0.14068,0.27933,3.759838546922301e-05
22520,6,0.221,0.07251,0.29698,3.7578203834510595e-05
22540,6,0.39526,0.2398,0.31091,3.755802219979818e-05
22560,6,0.26615,0.13938,0.25354,3.7537840565085774e-05
22580,6,0.25363,0.1366,0.23405,3.7517658930373366e-05
22600,6,0.10875,0.06308,0.09134,3.749747729566095e-05
22620,6,0.17143,0.09626,0.15034,3.747729566094854e-05
22640,6,0.2458,0.13774,0.21612,3.745711402623612e-05
22660,6,0.1833,0.05514,0.25634,3.7436932391523715e-05
22680,6,0.18816,0.10683,0.16264,3.74167507568113e-05
22700,6,0.11339,0.06402,0.09874,3.739656912209889e-05
22720,6,0.25218,0.11911,0.26616,3.737638748738648e-05
22740,6,0.33406,0.2101,0.24792,3.735620585267407e-05
22760,6,0.20065,0.10851,0.18428,3.733602421796166e-05
22780,6,0.15863,0.08901,0.13926,3.731584258324924e-05
22800,6,0.24513,0.13122,0.22781,3.729566094853683e-05
22820,6,0.16129,0.07179,0.17899,3.727547931382442e-05
22840,6,0.20458,0.08842,0.23232,3.725529767911201e-05
22860,6,0.1607,0.09305,0.1353,3.723511604439959e-05
22880,6,0.30975,0.18659,0.24633,3.7214934409687185e-05
22900,6,0.27883,0.17744,0.20278,3.719475277497478e-05
22920,6,0.50523,0.36045,0.28958,3.717457114026236e-05
22940,6,0.17906,0.07431,0.20949,3.715438950554995e-05
22960,6,0.19337,0.10231,0.18212,3.7134207870837534e-05
22980,6,0.19069,0.07556,0.23026,3.711402623612513e-05
23000,6,0.25506,0.12854,0.25304,3.709384460141271e-05
23020,6,0.15536,0.0811,0.14852,3.70736629667003e-05
23040,6,0.2852,0.1333,0.30379,3.705348133198789e-05
23060,6,0.26265,0.11804,0.28923,3.703329969727548e-05
23080,6,0.30327,0.18689,0.23275,3.701311806256307e-05
23100,6,0.17232,0.07407,0.19649,3.6992936427850654e-05
23120,6,0.19511,0.11363,0.16295,3.697275479313825e-05
23140,6,0.20415,0.06967,0.26898,3.695257315842583e-05
23160,6,0.12903,0.05174,0.15459,3.693239152371342e-05
23180,6,0.44871,0.25543,0.38657,3.6912209889001004e-05
23200,6,0.25103,0.08977,0.32252,3.6892028254288596e-05
23220,6,0.18528,0.10049,0.16959,3.687184661957619e-05
23240,6,0.21467,0.10302,0.2233,3.6851664984863774e-05
23260,6,0.14606,0.07306,0.14599,3.683148335015137e-05
23280,6,0.21144,0.07203,0.27883,3.681130171543896e-05
23300,6,0.24575,0.11725,0.257,3.679112008072654e-05
23320,6,0.16058,0.08061,0.15993,3.6770938446014124e-05
23340,6,0.21018,0.1187,0.18297,3.6750756811301716e-05
23360,6,0.20002,0.08633,0.22738,3.673057517658931e-05
23380,6,0.15471,0.07506,0.15929,3.6710393541876895e-05
23400,6,0.46005,0.27044,0.37923,3.669021190716448e-05
23420,6,0.56921,0.33757,0.46327,3.667003027245207e-05
23440,6,0.16791,0.06827,0.19927,3.6649848637739665e-05
23460,6,0.27629,0.16519,0.22221,3.662966700302725e-05
23480,6,0.89515,0.72125,0.3478,3.660948536831483e-05
23500,6,0.13819,0.05726,0.16184,3.658930373360242e-05
23520,6,0.20265,0.11924,0.16681,3.6569122098890015e-05
23540,6,0.25466,0.14144,0.22644,3.65489404641776e-05
23560,6,0.21373,0.12959,0.16828,3.6528758829465186e-05
23580,6,0.19445,0.10243,0.18405,3.650857719475278e-05
23600,6,0.13239,0.07764,0.10951,3.648839556004037e-05
23620,6,0.25387,0.12315,0.26144,3.6468213925327956e-05
23640,6,0.62016,0.43668,0.36695,3.6448032290615535e-05
23660,6,0.21418,0.10127,0.22583,3.642785065590313e-05
23680,6,0.23774,0.09087,0.29372,3.640766902119072e-05
23700,6,0.26186,0.14487,0.23397,3.6387487386478306e-05
23720,6,0.23264,0.11837,0.22854,3.636730575176589e-05
23740,6,0.24684,0.12972,0.23425,3.6347124117053484e-05
23760,6,0.23027,0.10241,0.25571,3.6326942482341076e-05
23780,6,0.2263,0.11041,0.23179,3.630676084762866e-05
23800,6,0.39003,0.27364,0.23278,3.628657921291624e-05
23820,6,0.30192,0.12225,0.35934,3.6266397578203833e-05
23840,6,0.21184,0.09479,0.2341,3.6246215943491426e-05
23860,6,0.16043,0.04782,0.22522,3.622603430877901e-05
23880,6,0.18074,0.10722,0.14704,3.62058526740666e-05
23900,6,0.20335,0.08986,0.22699,3.618567103935419e-05
23920,7,0.25656,0.13115,0.25083,3.616548940464178e-05
23940,7,0.19811,0.09141,0.21341,3.614530776992937e-05
23960,7,0.22122,0.10087,0.24071,3.6125126135216953e-05
23980,7,0.19814,0.10754,0.18121,3.610494450050454e-05
24000,7,0.19119,0.08307,0.21623,3.608476286579213e-05
24020,7,0.15893,0.07382,0.17022,3.606458123107972e-05
24040,7,0.29932,0.19185,0.21494,3.60443995963673e-05
24060,7,0.16788,0.08858,0.1586,3.6024217961654895e-05
24080,7,0.15723,0.07414,0.16618,3.600403632694249e-05
24100,7,0.1967,0.06647,0.26046,3.5983854692230074e-05
24120,7,0.17021,0.07983,0.18076,3.596367305751766e-05
24140,7,0.23735,0.16316,0.14838,3.5943491422805245e-05
24160,7,0.18599,0.07511,0.22177,3.592330978809284e-05
24180,7,0.20952,0.12956,0.15992,3.590312815338042e-05
24200,7,0.29286,0.13191,0.32189,3.588294651866801e-05
24220,7,0.16034,0.08346,0.15378,3.58627648839556e-05
24240,7,0.15594,0.07535,0.16119,3.5842583249243194e-05
24260,7,0.19042,0.10973,0.16137,3.582240161453078e-05
24280,7,0.22624,0.15056,0.15138,3.5802219979818365e-05
24300,7,0.19677,0.09748,0.19858,3.578203834510596e-05
24320,7,0.1236,0.05793,0.13134,3.576185671039354e-05
24340,7,0.26852,0.15016,0.23672,3.574167507568113e-05
24360,7,0.24623,0.11897,0.25452,3.5721493440968714e-05
24380,7,0.1539,0.07663,0.15455,3.570131180625631e-05
24400,7,0.17286,0.07467,0.19639,3.56811301715439e-05
24420,7,0.13625,0.07232,0.12785,3.5660948536831485e-05
24440,7,0.23475,0.1168,0.2359,3.564076690211907e-05
24460,7,0.16361,0.06793,0.19135,3.562058526740666e-05
24480,7,0.16679,0.07431,0.18497,3.560040363269425e-05
24500,7,0.2443,0.14538,0.19783,3.5580221997981834e-05
24520,7,0.21451,0.09523,0.23857,3.556004036326942e-05
24540,7,0.20988,0.09668,0.2264,3.553985872855701e-05
24560,7,0.24093,0.13217,0.21751,3.5519677093844605e-05
24580,7,0.18642,0.08676,0.19932,3.549949545913219e-05
24600,7,0.10632,0.05308,0.10647,3.5479313824419776e-05
24620,7,0.22254,0.06106,0.32296,3.545913218970737e-05
24640,7,0.12797,0.05472,0.1465,3.5438950554994954e-05
24660,7,0.19558,0.11477,0.16161,3.541876892028254e-05
24680,7,0.34156,0.20478,0.27355,3.5398587285570126e-05
24700,7,0.30155,0.1825,0.23811,3.537840565085772e-05
24720,7,0.34751,0.15539,0.38424,3.535822401614531e-05
24740,7,0.17554,0.07002,0.21105,3.5338042381432896e-05
24760,7,0.1056,0.06031,0.09057,3.531786074672048e-05
24780,7,0.15416,0.06615,0.17603,3.5297679112008074e-05
24800,7,0.22737,0.1256,0.20354,3.527749747729567e-05
24820,7,0.20667,0.11993,0.17347,3.5257315842583246e-05
24840,7,0.19728,0.09556,0.20345,3.523713420787083e-05
24860,7,0.15158,0.09276,0.11765,3.5216952573158424e-05
24880,7,0.15867,0.06557,0.1862,3.5196770938446016e-05
24900,7,0.16888,0.06713,0.20349,3.51765893037336e-05
24920,7,0.38629,0.25268,0.26723,3.515640766902119e-05
24940,7,0.26116,0.14375,0.23482,3.513622603430879e-05
24960,7,0.1171,0.05976,0.11468,3.511604439959637e-05
24980,7,0.13583,0.05171,0.16826,3.509586276488395e-05
25000,7,0.33555,0.20331,0.26449,3.5075681130171544e-05
25020,7,0.16606,0.08183,0.16847,3.5055499495459136e-05
25040,7,0.43714,0.32456,0.22516,3.503531786074672e-05
25060,7,0.24161,0.10015,0.28292,3.501513622603431e-05
25080,7,0.16167,0.0737,0.17593,3.49949545913219e-05
25100,7,0.19509,0.07723,0.23572,3.497477295660949e-05
25120,7,0.55215,0.37724,0.34982,3.495459132189708e-05
25140,7,0.21964,0.12027,0.19873,3.4934409687184664e-05
25160,7,0.17938,0.09406,0.17065,3.491422805247225e-05
25180,7,0.16715,0.08873,0.15685,3.489404641775984e-05
25200,7,0.19069,0.11729,0.1468,3.487386478304743e-05
25220,7,0.15219,0.07357,0.15723,3.485368314833501e-05
25240,7,0.22081,0.11164,0.21834,3.4833501513622606e-05
25260,7,0.15266,0.06888,0.16755,3.48133198789102e-05
25280,7,0.23919,0.11372,0.25092,3.4793138244197784e-05
25300,7,0.25837,0.14848,0.21979,3.477295660948537e-05
25320,7,0.13618,0.05729,0.15778,3.4752774974772955e-05
25340,7,0.10515,0.04705,0.11619,3.473259334006055e-05
25360,7,0.18994,0.12714,0.1256,3.4712411705348133e-05
25380,7,0.20752,0.11579,0.18344,3.469223007063572e-05
25400,7,0.19703,0.12089,0.15227,3.467204843592331e-05
25420,7,0.11384,0.06223,0.10322,3.4651866801210904e-05
25440,7,0.12099,0.04882,0.14435,3.463168516649849e-05
25460,7,0.29867,0.1423,0.31273,3.4611503531786075e-05
25480,7,0.19599,0.09489,0.2022,3.459132189707367e-05
25500,7,0.22568,0.11354,0.22427,3.4571140262361253e-05
25520,7,0.11856,0.05082,0.13549,3.455095862764884e-05
25540,7,0.16225,0.06659,0.19132,3.4530776992936425e-05
25560,7,0.24748,0.13086,0.23324,3.451059535822402e-05
25580,7,0.1951,0.06932,0.25156,3.449041372351161e-05
25600,7,0.32074,0.15168,0.33813,3.4470232088799195e-05
25620,7,0.3121,0.1689,0.28641,3.445005045408678e-05
25640,7,0.18699,0.09064,0.1927,3.4429868819374373e-05
25660,7,0.34552,0.18252,0.326,3.440968718466196e-05
25680,7,0.1442,0.06583,0.15673,3.4389505549949545e-05
25700,7,0.1423,0.06958,0.14545,3.436932391523713e-05
25720,7,0.16469,0.07541,0.17855,3.434914228052472e-05
25740,7,0.27787,0.11229,0.33116,3.4328960645812315e-05
25760,7,0.10942,0.0434,0.13205,3.43087790110999e-05
25780,7,0.16084,0.08494,0.15181,3.428859737638749e-05
25800,7,0.15184,0.0597,0.18427,3.426841574167508e-05
25820,7,0.3843,0.29809,0.17241,3.4248234106962665e-05
25840,7,0.24819,0.13957,0.21724,3.422805247225025e-05
25860,7,0.16432,0.08448,0.15968,3.4207870837537836e-05
25880,7,0.33971,0.20288,0.27366,3.418768920282543e-05
25900,7,0.15239,0.08092,0.14294,3.416750756811302e-05
25920,7,0.14081,0.06785,0.14591,3.414732593340061e-05
25940,7,0.22554,0.09717,0.25674,3.412714429868819e-05
25960,7,0.53021,0.35139,0.35764,3.4106962663975785e-05
25980,7,0.16512,0.07848,0.17328,3.408678102926338e-05
26000,7,0.17164,0.0901,0.16309,3.4066599394550956e-05
26020,7,0.17369,0.06229,0.22279,3.404641775983854e-05
26040,7,0.13993,0.06201,0.15586,3.4026236125126134e-05
26060,7,0.10377,0.05402,0.09949,3.400605449041373e-05
26080,7,0.16706,0.08161,0.17089,3.398587285570131e-05
26100,7,0.17566,0.07299,0.20534,3.39656912209889e-05
26120,7,0.11464,0.05632,0.11664,3.394550958627649e-05
26140,7,0.24306,0.12234,0.24144,3.392532795156408e-05
26160,7,0.14742,0.0669,0.16104,3.390514631685166e-05
26180,7,0.14103,0.06991,0.14222,3.388496468213925e-05
26200,7,0.31517,0.19353,0.24327,3.386478304742684e-05
26220,7,0.29282,0.17781,0.23002,3.384460141271443e-05
26240,7,0.25199,0.1179,0.26818,3.382441977800202e-05
26260,7,0.30386,0.14884,0.31004,3.3804238143289604e-05
26280,7,0.32134,0.18877,0.26514,3.3784056508577196e-05
26300,7,0.1796,0.1005,0.15819,3.376387487386479e-05
26320,7,0.25889,0.13858,0.24062,3.3743693239152374e-05
26340,7,0.16089,0.07614,0.16951,3.372351160443995e-05
26360,7,0.17003,0.10265,0.13475,3.3703329969727546e-05
26380,7,0.16013,0.0772,0.16585,3.368314833501514e-05
26400,7,0.23102,0.10738,0.24729,3.3662966700302724e-05
26420,7,0.31848,0.22927,0.17842,3.364278506559031e-05
26440,7,0.29374,0.12923,0.32903,3.36226034308779e-05
26460,7,0.19023,0.07683,0.2268,3.3602421796165494e-05
26480,7,0.1793,0.09676,0.16507,3.358224016145308e-05
26500,7,0.22651,0.0992,0.25462,3.356205852674066e-05
26520,7,0.13531,0.06136,0.14791,3.354187689202825e-05
26540,7,0.19526,0.0871,0.21632,3.3521695257315844e-05
26560,7,0.16662,0.08389,0.16547,3.350151362260343e-05
26580,7,0.1825,0.08071,0.20357,3.3481331987891015e-05
26600,7,0.2329,0.13971,0.18639,3.346115035317861e-05
26620,7,0.18692,0.08891,0.19602,3.34409687184662e-05
26640,7,0.13809,0.06611,0.14395,3.3420787083753786e-05
26660,7,0.11205,0.06259,0.0989,3.340060544904138e-05
26680,7,0.26704,0.12715,0.27978,3.3380423814328964e-05
26700,7,0.13526,0.07627,0.11799,3.336024217961655e-05
26720,7,0.18272,0.06345,0.23854,3.3340060544904135e-05
26740,7,0.14498,0.08103,0.12789,3.331987891019173e-05
26760,7,0.18484,0.11101,0.14766,3.329969727547932e-05
26780,7,0.30157,0.22087,0.16141,3.3279515640766906e-05
26800,7,0.27645,0.15693,0.23903,3.325933400605449e-05
26820,7,0.35739,0.19861,0.31756,3.3239152371342084e-05
26840,7,0.46793,0.30914,0.31759,3.321897073662967e-05
26860,7,0.12033,0.06697,0.10672,3.3198789101917255e-05
26880,7,0.17027,0.08851,0.16351,3.317860746720484e-05
26900,7,0.1988,0.08401,0.22958,3.315842583249243e-05
26920,7,0.1636,0.08205,0.16308,3.3138244197780026e-05
26940,7,0.13457,0.06127,0.1466,3.311806256306761e-05
26960,7,0.18055,0.06513,0.23085,3.30978809283552e-05
26980,7,0.1668,0.06439,0.20483,3.307769929364279e-05
27000,7,0.16099,0.07341,0.17515,3.3057517658930375e-05
27020,7,0.18005,0.06656,0.22698,3.303733602421796e-05
27040,7,0.22436,0.10288,0.24296,3.3017154389505547e-05
27060,7,0.23248,0.12132,0.22232,3.299697275479314e-05
27080,7,0.14905,0.06769,0.16272,3.297679112008073e-05
27100,7,0.15529,0.07254,0.1655,3.295660948536832e-05
27120,7,0.12335,0.06239,0.12192,3.29364278506559e-05
27140,7,0.21928,0.09855,0.24145,3.2916246215943495e-05
27160,7,0.2725,0.15126,0.24247,3.289606458123109e-05
27180,7,0.17012,0.0823,0.17564,3.2875882946518667e-05
27200,7,0.27466,0.15148,0.24635,3.285570131180625e-05
27220,7,0.12427,0.05205,0.14445,3.2835519677093845e-05
27240,7,0.18058,0.07249,0.21618,3.281533804238144e-05
27260,7,0.47601,0.35775,0.23652,3.279515640766902e-05
27280,7,0.29509,0.18086,0.22846,3.277497477295661e-05
27300,7,0.29148,0.17235,0.23826,3.27547931382442e-05
27320,7,0.19879,0.10644,0.18471,3.2734611503531793e-05
27340,7,0.16245,0.08184,0.16123,3.271442986881937e-05
27360,7,0.28686,0.141,0.29172,3.269424823410696e-05
27380,7,0.24231,0.08053,0.32355,3.267406659939455e-05
27400,7,0.11582,0.05725,0.11713,3.265388496468214e-05
27420,7,0.10878,0.04876,0.12004,3.263370332996973e-05
27440,7,0.23817,0.0821,0.31214,3.2613521695257314e-05
27460,7,0.17142,0.087,0.16883,3.259334006054491e-05
27480,7,0.1557,0.07697,0.15745,3.25731584258325e-05
27500,7,0.21083,0.11215,0.19737,3.2552976791120085e-05
27520,7,0.29437,0.12904,0.33067,3.2532795156407664e-05
27540,7,0.28204,0.16938,0.22533,3.2512613521695256e-05
27560,7,0.20027,0.12738,0.14579,3.249243188698285e-05
27580,7,0.16568,0.07564,0.18008,3.2472250252270434e-05
27600,7,0.21988,0.09432,0.25113,3.245206861755802e-05
27620,7,0.12808,0.04277,0.17061,3.243188698284561e-05
27640,7,0.15279,0.07387,0.15784,3.2411705348133205e-05
27660,7,0.17832,0.08173,0.19317,3.239152371342079e-05
27680,7,0.13594,0.06106,0.14976,3.237134207870837e-05
27700,7,0.21565,0.11999,0.19133,3.235116044399596e-05
27720,7,0.22574,0.12217,0.20715,3.2330978809283554e-05
27740,7,0.16611,0.07264,0.18694,3.231079717457114e-05
27760,7,0.3197,0.15158,0.33625,3.2290615539858726e-05
27780,7,0.53526,0.4277,0.21511,3.227043390514632e-05
27800,7,0.23541,0.1216,0.22764,3.225025227043391e-05
27820,7,0.19222,0.12029,0.14387,3.2230070635721496e-05
27840,7,0.18354,0.09225,0.18259,3.220988900100908e-05
27860,7,0.16182,0.06613,0.19137,3.218970736629667e-05
27880,7,0.14074,0.04018,0.20113,3.216952573158426e-05
27900,8,0.3775,0.24522,0.26455,3.2149344096871846e-05
27920,8,0.14381,0.06873,0.15016,3.212916246215943e-05
27940,8,0.25247,0.14581,0.21331,3.2108980827447024e-05
27960,8,0.18571,0.08582,0.19977,3.2088799192734616e-05
27980,8,0.23361,0.14609,0.17503,3.20686175580222e-05
28000,8,0.25166,0.10913,0.28507,3.204843592330979e-05
28020,8,0.24735,0.17207,0.15055,3.202825428859737e-05
28040,8,0.18907,0.0999,0.17834,3.2008072653884966e-05
28060,8,0.14174,0.06067,0.16214,3.198789101917255e-05
28080,8,0.23624,0.11529,0.24189,3.196770938446014e-05
28100,8,0.16577,0.0879,0.15574,3.194752774974773e-05
28120,8,0.1701,0.0966,0.147,3.192734611503532e-05
28140,8,0.32357,0.15494,0.33725,3.190716448032291e-05
28160,8,0.14943,0.08272,0.13343,3.188698284561049e-05
28180,8,0.1753,0.09098,0.16865,3.186680121089808e-05
28200,8,0.1472,0.06089,0.17262,3.184661957618567e-05
28220,8,0.16303,0.08917,0.14772,3.182643794147326e-05
28240,8,0.11821,0.06753,0.10137,3.180625630676084e-05
28260,8,0.34656,0.21872,0.25569,3.1786074672048435e-05
28280,8,0.25167,0.16221,0.17893,3.176589303733603e-05
28300,8,0.09931,0.04472,0.10918,3.174571140262361e-05
28320,8,0.18781,0.08516,0.20531,3.17255297679112e-05
28340,8,0.19069,0.07524,0.23091,3.17053481331988e-05
28360,8,0.34397,0.20739,0.27316,3.168516649848638e-05
28380,8,0.1949,0.10912,0.17156,3.166498486377396e-05
28400,8,0.17173,0.05931,0.22484,3.1644803229061555e-05
28420,8,0.1856,0.09205,0.1871,3.162462159434915e-05
28440,8,0.19431,0.10575,0.17712,3.160443995963673e-05
28460,8,0.29953,0.20015,0.19877,3.158425832492432e-05
28480,8,0.32949,0.21113,0.23673,3.156407669021191e-05
28500,8,0.18967,0.07764,0.22405,3.1543895055499504e-05
28520,8,0.17138,0.09001,0.16273,3.152371342078708e-05
28540,8,0.18208,0.0935,0.17717,3.150353178607467e-05
28560,8,0.17354,0.08078,0.18553,3.148335015136226e-05
28580,8,0.17269,0.09165,0.16208,3.146316851664985e-05
28600,8,0.16192,0.08815,0.14754,3.144298688193744e-05
28620,8,0.13282,0.06637,0.1329,3.1422805247225025e-05
28640,8,0.22113,0.11979,0.20267,3.140262361251262e-05
28660,8,0.28826,0.18721,0.2021,3.138244197780021e-05
28680,8,0.13314,0.06283,0.14062,3.1362260343087795e-05
28700,8,0.16034,0.08074,0.1592,3.1342078708375374e-05
28720,8,0.17901,0.07639,0.20525,3.1321897073662967e-05
28740,8,0.1915,0.07733,0.22835,3.130171543895056e-05
28760,8,0.20062,0.09503,0.21117,3.1281533804238145e-05
28780,8,0.16862,0.06626,0.20471,3.126135216952573e-05
28800,8,0.18175,0.07695,0.2096,3.124117053481332e-05
28820,8,0.19986,0.10497,0.18977,3.1220988900100915e-05
28840,8,0.21836,0.09375,0.24923,3.12008072653885e-05
28860,8,0.15047,0.05653,0.18787,3.118062563067608e-05
28880,8,0.16698,0.08597,0.16202,3.116044399596367e-05
28900,8,0.17416,0.08165,0.18502,3.1140262361251265e-05
28920,8,0.25207,0.11202,0.28008,3.112008072653885e-05
28940,8,0.19557,0.09586,0.19941,3.1099899091826436e-05
28960,8,0.28705,0.12952,0.31506,3.107971745711403e-05
28980,8,0.23047,0.11425,0.23243,3.105953582240162e-05
29000,8,0.16697,0.07732,0.17928,3.1039354187689207e-05
29020,8,0.136,0.05748,0.15705,3.101917255297679e-05
29040,8,0.17328,0.07172,0.20312,3.099899091826438e-05
29060,8,0.13487,0.04945,0.17085,3.097880928355197e-05
29080,8,0.24479,0.1048,0.27998,3.0958627648839556e-05
29100,8,0.39311,0.29645,0.19331,3.093844601412714e-05
29120,8,0.14673,0.06465,0.16416,3.0918264379414734e-05
29140,8,0.20749,0.1107,0.19357,3.0898082744702327e-05
29160,8,0.31987,0.16174,0.31626,3.087790110998991e-05
29180,8,0.12466,0.06155,0.12622,3.08577194752775e-05
29200,8,0.19866,0.08369,0.22993,3.0837537840565084e-05
29220,8,0.32124,0.14329,0.3559,3.0817356205852676e-05
29240,8,0.33763,0.20873,0.25781,3.079717457114026e-05
29260,8,0.19586,0.08655,0.2186,3.077699293642785e-05
29280,8,0.14881,0.07093,0.15576,3.075681130171544e-05
29300,8,0.16652,0.0763,0.18044,3.073662966700303e-05
29320,8,0.23262,0.11289,0.23946,3.071644803229062e-05
29340,8,0.09512,0.05685,0.07654,3.0696266397578204e-05
29360,8,0.19949,0.08318,0.23262,3.067608476286579e-05
29380,8,0.19586,0.11342,0.16488,3.065590312815338e-05
29400,8,0.13381,0.05281,0.16201,3.063572149344097e-05
29420,8,0.20518,0.09665,0.21705,3.061553985872855e-05
29440,8,0.17277,0.08249,0.18057,3.0595358224016146e-05
29460,8,0.18431,0.08458,0.19945,3.057517658930374e-05
29480,8,0.55508,0.45431,0.20153,3.0554994954591324e-05
29500,8,0.15906,0.09335,0.13143,3.053481331987891e-05
29520,8,0.18966,0.12046,0.1384,3.05146316851665e-05
29540,8,0.1695,0.06367,0.21167,3.049445005045409e-05
29560,8,0.2863,0.16315,0.2463,3.0474268415741677e-05
29580,8,0.1721,0.06375,0.21669,3.045408678102926e-05
29600,8,0.15656,0.08402,0.14507,3.043390514631685e-05
29620,8,0.14159,0.05951,0.16418,3.0413723511604444e-05
29640,8,0.15786,0.07989,0.15595,3.039354187689203e-05
29660,8,0.15096,0.0601,0.18172,3.037336024217961e-05
29680,8,0.19984,0.09158,0.2165,3.0353178607467204e-05
29700,8,0.21541,0.12537,0.18007,3.0332996972754797e-05
29720,8,0.18693,0.09056,0.19274,3.0312815338042382e-05
29740,8,0.60947,0.49567,0.2276,3.0292633703329964e-05
29760,8,0.25357,0.15531,0.19651,3.0272452068617557e-05
29780,8,0.34884,0.23749,0.2227,3.025227043390515e-05
29800,8,0.14349,0.07454,0.13789,3.0232088799192735e-05
29820,8,0.20735,0.06401,0.28667,3.021190716448032e-05
29840,8,0.22608,0.13525,0.18166,3.019172552976791e-05
29860,8,0.18634,0.0962,0.18028,3.0171543895055502e-05
29880,8,0.17411,0.06714,0.21392,3.0151362260343088e-05
29900,8,0.26628,0.15258,0.22741,3.0131180625630674e-05
29920,8,0.16509,0.06238,0.20543,3.0110998990918263e-05
29940,8,0.2832,0.14214,0.28213,3.0090817356205855e-05
29960,8,0.26106,0.18877,0.14458,3.007063572149344e-05
29980,8,0.21805,0.09862,0.23887,3.0050454086781026e-05
30000,8,0.12027,0.07205,0.09645,3.0030272452068615e-05
30020,8,0.21065,0.10036,0.22057,3.0010090817356208e-05
30040,8,0.23674,0.10138,0.27073,2.9989909182643794e-05
30060,8,0.1859,0.12146,0.12886,2.9969727547931386e-05
30080,8,0.13227,0.07066,0.12321,2.994954591321897e-05
30100,8,0.17977,0.08211,0.19532,2.992936427850656e-05
30120,8,0.15918,0.06724,0.18388,2.9909182643794146e-05
30140,8,0.17252,0.08265,0.17974,2.988900100908174e-05
30160,8,0.15862,0.07294,0.17137,2.986881937436932e-05
30180,8,0.26593,0.12611,0.27963,2.9848637739656914e-05
30200,8,0.25452,0.14702,0.21498,2.98284561049445e-05
30220,8,0.17522,0.07519,0.20007,2.9808274470232092e-05
30240,8,0.27239,0.15412,0.23654,2.9788092835519677e-05
30260,8,0.16001,0.08215,0.15571,2.9767911200807266e-05
30280,8,0.21728,0.0639,0.30676,2.9747729566094852e-05
30300,8,0.11011,0.06163,0.09697,2.9727547931382445e-05
30320,8,0.14893,0.07622,0.14542,2.970736629667003e-05
30340,8,0.1852,0.08005,0.21031,2.968718466195762e-05
30360,8,0.19728,0.0932,0.20815,2.9667003027245205e-05
30380,8,0.22548,0.12521,0.20053,2.9646821392532797e-05
30400,8,0.21731,0.15293,0.12875,2.9626639757820383e-05
30420,8,0.20835,0.09227,0.23215,2.9606458123107972e-05
30440,8,0.21258,0.11168,0.20179,2.9586276488395558e-05
30460,8,0.33478,0.22973,0.21011,2.956609485368315e-05
30480,8,0.14933,0.06348,0.17169,2.9545913218970736e-05
30500,8,0.1521,0.07032,0.16356,2.9525731584258325e-05
30520,8,0.13271,0.06553,0.13437,2.950554994954591e-05
30540,8,0.16708,0.08417,0.16582,2.9485368314833503e-05
30560,8,0.07339,0.04184,0.0631,2.946518668012109e-05
30580,8,0.21699,0.13466,0.16466,2.9445005045408678e-05
30600,8,0.24875,0.17578,0.14593,2.9424823410696264e-05
30620,8,0.25836,0.14736,0.22201,2.9404641775983856e-05
30640,8,0.14271,0.07758,0.13026,2.938446014127144e-05
30660,8,0.21009,0.10887,0.20245,2.9364278506559034e-05
30680,8,0.21314,0.13699,0.15229,2.9344096871846616e-05
30700,8,0.23099,0.09185,0.27827,2.932391523713421e-05
30720,8,0.34452,0.22988,0.22927,2.9303733602421794e-05
30740,8,0.16509,0.08564,0.15889,2.9283551967709387e-05
30760,8,0.18753,0.07176,0.23154,2.926337033299697e-05
30780,8,0.15276,0.06156,0.18239,2.924318869828456e-05
30800,8,0.3176,0.19341,0.24837,2.9223007063572147e-05
30820,8,0.26932,0.11656,0.30552,2.920282542885974e-05
30840,8,0.13154,0.05938,0.14432,2.9182643794147322e-05
30860,8,0.1116,0.0641,0.095,2.9162462159434915e-05
30880,8,0.11406,0.07015,0.08782,2.9142280524722507e-05
30900,8,0.13484,0.07231,0.12507,2.9122098890010093e-05
30920,8,0.13157,0.06068,0.14178,2.910191725529768e-05
30940,8,0.25078,0.13451,0.23255,2.9081735620585267e-05
30960,8,0.25866,0.15646,0.20441,2.906155398587286e-05
30980,8,0.19431,0.08039,0.22785,2.9041372351160445e-05
31000,8,0.23094,0.1076,0.24669,2.9021190716448035e-05
31020,8,0.17741,0.06316,0.22851,2.900100908173562e-05
31040,8,0.23642,0.1261,0.22063,2.8980827447023213e-05
31060,8,0.15199,0.06107,0.18183,2.89606458123108e-05
31080,8,0.16054,0.07444,0.17221,2.894046417759839e-05
31100,8,0.144,0.08305,0.12189,2.8920282542885973e-05
31120,8,0.26223,0.12647,0.27152,2.8900100908173566e-05
31140,8,0.20471,0.0835,0.24243,2.887991927346115e-05
31160,8,0.15936,0.05028,0.21815,2.8859737638748744e-05
31180,8,0.17743,0.08471,0.18543,2.8839556004036326e-05
31200,8,0.20935,0.11136,0.19598,2.881937436932392e-05
31220,8,0.33051,0.11168,0.43767,2.8799192734611504e-05
31240,8,0.14117,0.05289,0.17656,2.8779011099899096e-05
31260,8,0.15024,0.09,0.12047,2.875882946518668e-05
31280,8,0.24228,0.09503,0.29451,2.873864783047427e-05
31300,8,0.19346,0.12283,0.14125,2.8718466195761857e-05
31320,8,0.21469,0.11243,0.20453,2.869828456104945e-05
31340,8,0.18195,0.08515,0.1936,2.867810292633703e-05
31360,8,0.14262,0.08143,0.12237,2.8657921291624624e-05
31380,8,0.1659,0.07579,0.18023,2.863773965691221e-05
31400,8,0.35181,0.2087,0.28622,2.8617558022199802e-05
31420,8,0.17873,0.09553,0.16641,2.8597376387487388e-05
31440,8,0.17996,0.11039,0.13913,2.8577194752774977e-05
31460,8,0.16143,0.07016,0.18253,2.8557013118062563e-05
31480,8,0.19621,0.07076,0.2509,2.8536831483350155e-05
31500,8,0.28026,0.12594,0.30864,2.851664984863774e-05
31520,8,0.13856,0.05831,0.16051,2.849646821392533e-05
31540,8,0.12665,0.07144,0.11042,2.8476286579212915e-05
31560,8,0.24322,0.09688,0.29268,2.8456104944500508e-05
31580,8,0.18927,0.09554,0.18745,2.8435923309788094e-05
31600,8,0.19751,0.09273,0.20957,2.8415741675075683e-05
31620,8,0.33158,0.20328,0.25661,2.8395560040363268e-05
31640,8,0.18762,0.10576,0.16372,2.837537840565086e-05
31660,8,0.10763,0.05252,0.11022,2.8355196770938446e-05
31680,8,0.2949,0.16583,0.25813,2.8335015136226035e-05
31700,8,0.15638,0.07341,0.16595,2.831483350151362e-05
31720,8,0.39831,0.27072,0.25517,2.8294651866801214e-05
31740,8,0.25106,0.10926,0.28361,2.82744702320888e-05
31760,8,0.17576,0.08142,0.18868,2.8254288597376388e-05
31780,8,0.15399,0.05875,0.19048,2.8234106962663974e-05
31800,8,0.16638,0.08044,0.17188,2.8213925327951566e-05
31820,8,0.19933,0.08462,0.22942,2.8193743693239152e-05
31840,8,0.0936,0.04972,0.08775,2.8173562058526745e-05
31860,8,0.32467,0.20689,0.23557,2.8153380423814327e-05
31880,9,0.19718,0.07051,0.25336,2.813319878910192e-05
31900,9,0.1246,0.06961,0.10998,2.8113017154389505e-05
31920,9,0.33837,0.19038,0.29599,2.8092835519677097e-05
31940,9,0.18452,0.06648,0.23608,2.807265388496468e-05
31960,9,0.32498,0.17047,0.30903,2.8052472250252272e-05
31980,9,0.2005,0.09622,0.20855,2.8032290615539858e-05
32000,9,0.14472,0.09112,0.10721,2.801210898082745e-05
32020,9,0.17316,0.1132,0.11992,2.7991927346115032e-05
32040,9,0.1475,0.07205,0.1509,2.7971745711402625e-05
32060,9,0.26604,0.12842,0.27523,2.795156407669021e-05
32080,9,0.36468,0.20552,0.31832,2.7931382441977803e-05
32100,9,0.13474,0.07267,0.12413,2.7911200807265385e-05
32120,9,0.17091,0.06855,0.20472,2.7891019172552978e-05
32140,9,0.15003,0.0592,0.18166,2.7870837537840563e-05
32160,9,0.28635,0.19678,0.17914,2.7850655903128156e-05
32180,9,0.12941,0.06439,0.13004,2.7830474268415738e-05
32200,9,0.13826,0.08378,0.10897,2.781029263370333e-05
32220,9,0.11732,0.05949,0.11566,2.7790110998990916e-05
32240,9,0.12512,0.05089,0.14847,2.776992936427851e-05
32260,9,0.20877,0.09373,0.23007,2.7749747729566094e-05
32280,9,0.19618,0.06491,0.26253,2.7729566094853683e-05
32300,9,0.14314,0.07005,0.14619,2.770938446014127e-05
32320,9,0.23572,0.13067,0.2101,2.768920282542886e-05
32340,9,0.10991,0.04861,0.12259,2.7669021190716447e-05
32360,9,0.14015,0.06747,0.14537,2.7648839556004036e-05
32380,9,0.16754,0.08269,0.16969,2.7628657921291622e-05
32400,9,0.30853,0.14728,0.3225,2.7608476286579214e-05
32420,9,0.19893,0.10143,0.195,2.75882946518668e-05
32440,9,0.19104,0.09943,0.18323,2.756811301715439e-05
32460,9,0.15121,0.07827,0.14588,2.7547931382441975e-05
32480,9,0.15075,0.07672,0.14807,2.7527749747729567e-05
32500,9,0.2077,0.10247,0.21045,2.7507568113017153e-05
32520,9,0.17125,0.08354,0.17543,2.7487386478304742e-05
32540,9,0.14651,0.0668,0.15942,2.7467204843592328e-05
32560,9,0.49251,0.32597,0.33308,2.744702320887992e-05
32580,9,0.35557,0.217,0.27713,2.7426841574167513e-05
32600,9,0.1605,0.07307,0.17487,2.7406659939455095e-05
32620,9,0.16234,0.06962,0.18543,2.7386478304742687e-05
32640,9,0.18068,0.07372,0.21392,2.7366296670030273e-05
32660,9,0.19419,0.08507,0.21824,2.7346115035317865e-05
32680,9,0.18167,0.102,0.15934,2.732593340060545e-05
32700,9,0.12048,0.06094,0.11907,2.730575176589304e-05
32720,9,0.16412,0.09836,0.13152,2.7285570131180626e-05
32740,9,0.33249,0.19626,0.27246,2.7265388496468218e-05
32760,9,0.20937,0.08305,0.25263,2.7245206861755804e-05
32780,9,0.14263,0.0688,0.14768,2.7225025227043393e-05
32800,9,0.1356,0.06986,0.13147,2.720484359233098e-05
32820,9,0.12084,0.0708,0.10007,2.718466195761857e-05
32840,9,0.20674,0.07097,0.27153,2.7164480322906157e-05
32860,9,0.16812,0.08266,0.17092,2.7144298688193746e-05
32880,9,0.1164,0.05866,0.11547,2.712411705348133e-05
32900,9,0.22996,0.13003,0.19986,2.7103935418768924e-05
32920,9,0.12936,0.07865,0.10143,2.708375378405651e-05
32940,9,0.38121,0.23778,0.28685,2.70635721493441e-05
32960,9,0.21845,0.13694,0.16302,2.7043390514631684e-05
32980,9,0.19794,0.10864,0.17861,2.7023208879919277e-05
33000,9,0.23605,0.1264,0.21929,2.7003027245206862e-05
33020,9,0.18712,0.06135,0.25153,2.698284561049445e-05
33040,9,0.27041,0.11088,0.31906,2.6962663975782037e-05
33060,9,0.17581,0.05018,0.25126,2.694248234106963e-05
33080,9,0.15389,0.07954,0.1487,2.6922300706357215e-05
33100,9,0.32004,0.18727,0.26555,2.6902119071644808e-05
33120,9,0.21629,0.10355,0.22547,2.688193743693239e-05
33140,9,0.17781,0.09149,0.17265,2.6861755802219983e-05
33160,9,0.14544,0.0601,0.17068,2.6841574167507568e-05
33180,9,0.24331,0.11784,0.25094,2.682139253279516e-05
33200,9,0.23819,0.12838,0.21961,2.6801210898082743e-05
33220,9,0.19904,0.12101,0.15606,2.6781029263370335e-05
33240,9,0.21301,0.1308,0.16441,2.676084762865792e-05
33260,9,0.23246,0.10895,0.24703,2.6740665993945513e-05
33280,9,0.20395,0.09889,0.21012,2.6720484359233096e-05
33300,9,0.14025,0.06786,0.14477,2.6700302724520688e-05
33320,9,0.18979,0.10814,0.1633,2.6680121089808274e-05
33340,9,0.1276,0.0508,0.1536,2.6659939455095866e-05
33360,9,0.21175,0.10182,0.21987,2.663975782038345e-05
33380,9,0.19513,0.1029,0.18447,2.661957618567104e-05
33400,9,0.25429,0.1495,0.2096,2.6599394550958627e-05
33420,9,0.17854,0.08049,0.1961,2.657921291624622e-05
33440,9,0.11481,0.05874,0.11214,2.6559031281533805e-05
33460,9,0.15975,0.0843,0.15089,2.6538849646821394e-05
33480,9,0.13095,0.07099,0.11991,2.651866801210898e-05
33500,9,0.34464,0.15729,0.3747,2.6498486377396572e-05
33520,9,0.16173,0.07299,0.1775,2.6478304742684158e-05
33540,9,0.18304,0.08679,0.19249,2.6458123107971747e-05
33560,9,0.15426,0.05895,0.19062,2.6437941473259332e-05
33580,9,0.2008,0.12128,0.15905,2.6417759838546925e-05
33600,9,0.13452,0.05943,0.15017,2.639757820383451e-05
33620,9,0.15076,0.08291,0.13568,2.63773965691221e-05
33640,9,0.26417,0.09861,0.33111,2.6357214934409685e-05
33660,9,0.17464,0.07695,0.19537,2.6337033299697278e-05
33680,9,0.25972,0.13397,0.2515,2.6316851664984863e-05
33700,9,0.33437,0.18442,0.2999,2.6296670030272452e-05
33720,9,0.1936,0.10078,0.18564,2.6276488395560038e-05
33740,9,0.15089,0.06569,0.17041,2.625630676084763e-05
33760,9,0.18745,0.06795,0.23901,2.6236125126135216e-05
33780,9,0.1482,0.07194,0.15251,2.6215943491422805e-05
33800,9,0.18874,0.09921,0.17907,2.619576185671039e-05
33820,9,0.17572,0.0828,0.18585,2.6175580221997983e-05
33840,9,0.18096,0.07787,0.20618,2.615539858728557e-05
33860,9,0.17817,0.08802,0.18032,2.613521695257316e-05
33880,9,0.20782,0.07418,0.26727,2.6115035317860744e-05
33900,9,0.38242,0.24554,0.27377,2.6094853683148336e-05
33920,9,0.16942,0.08872,0.1614,2.6074672048435922e-05
33940,9,0.24371,0.11512,0.25718,2.6054490413723514e-05
33960,9,0.23667,0.12065,0.23204,2.6034308779011097e-05
33980,9,0.18964,0.10911,0.16107,2.601412714429869e-05
34000,9,0.19347,0.09075,0.20545,2.5993945509586275e-05
34020,9,0.19552,0.04936,0.2923,2.5973763874873867e-05
34040,9,0.12794,0.04852,0.15883,2.595358224016145e-05
34060,9,0.2817,0.16323,0.23693,2.5933400605449042e-05
34080,9,0.11492,0.06139,0.10705,2.5913218970736628e-05
34100,9,0.21349,0.14396,0.13906,2.589303733602422e-05
34120,9,0.22586,0.1115,0.22872,2.5872855701311802e-05
34140,9,0.25263,0.10424,0.29679,2.5852674066599395e-05
34160,9,0.10223,0.05279,0.09888,2.583249243188698e-05
34180,9,0.2482,0.08054,0.33533,2.5812310797174573e-05
34200,9,0.2867,0.17401,0.22538,2.579212916246216e-05
34220,9,0.12291,0.05022,0.14538,2.5771947527749748e-05
34240,9,0.1552,0.08366,0.14309,2.5751765893037333e-05
34260,9,0.19878,0.1243,0.14896,2.5731584258324926e-05
34280,9,0.19897,0.10966,0.17863,2.5711402623612518e-05
34300,9,0.26393,0.14628,0.2353,2.56912209889001e-05
34320,9,0.44917,0.28902,0.3203,2.5671039354187693e-05
34340,9,0.36553,0.2283,0.27448,2.565085771947528e-05
34360,9,0.26983,0.11405,0.31157,2.563067608476287e-05
34380,9,0.20453,0.11498,0.17909,2.5610494450050453e-05
34400,9,0.30571,0.19412,0.22319,2.5590312815338046e-05
34420,9,0.20288,0.12738,0.151,2.557013118062563e-05
34440,9,0.12927,0.06082,0.13689,2.5549949545913224e-05
34460,9,0.28575,0.17095,0.2296,2.5529767911200806e-05
34480,9,0.13441,0.07544,0.11793,2.55095862764884e-05
34500,9,0.1442,0.06038,0.16764,2.5489404641775984e-05
34520,9,0.22137,0.09856,0.24562,2.5469223007063577e-05
34540,9,0.20797,0.07568,0.26458,2.544904137235116e-05
34560,9,0.15982,0.05974,0.20017,2.542885973763875e-05
34580,9,0.28115,0.14617,0.26996,2.5408678102926337e-05
34600,9,0.17319,0.07169,0.20299,2.538849646821393e-05
34620,9,0.40625,0.25166,0.30918,2.5368314833501515e-05
34640,9,0.29288,0.11725,0.35126,2.5348133198789104e-05
34660,9,0.15904,0.07319,0.1717,2.532795156407669e-05
34680,9,0.21497,0.12221,0.18551,2.5307769929364282e-05
34700,9,0.20175,0.10321,0.19709,2.5287588294651868e-05
34720,9,0.13877,0.06679,0.14395,2.5267406659939457e-05
34740,9,0.34095,0.21184,0.25822,2.5247225025227043e-05
34760,9,0.20377,0.12529,0.15695,2.5227043390514635e-05
34780,9,0.2791,0.11805,0.3221,2.520686175580222e-05
34800,9,0.19674,0.09115,0.21118,2.518668012108981e-05
34820,9,0.25258,0.13404,0.23708,2.5166498486377396e-05
34840,9,0.16361,0.06836,0.19049,2.5146316851664988e-05
34860,9,0.20391,0.1002,0.20741,2.5126135216952574e-05
34880,9,0.20728,0.106,0.20257,2.5105953582240163e-05
34900,9,0.33197,0.16691,0.33012,2.508577194752775e-05
34920,9,0.15044,0.06586,0.16915,2.506559031281534e-05
34940,9,0.22193,0.08614,0.2716,2.5045408678102927e-05
34960,9,0.1874,0.09928,0.17624,2.5025227043390516e-05
34980,9,0.16972,0.05462,0.23021,2.50050454086781e-05
35000,9,0.19193,0.08808,0.2077,2.4984863773965694e-05
35020,9,0.32743,0.17808,0.2987,2.496468213925328e-05
35040,9,0.24792,0.13804,0.21976,2.4944500504540872e-05
35060,9,0.33434,0.20143,0.26582,2.4924318869828454e-05
35080,9,0.14684,0.06227,0.16913,2.4904137235116047e-05
35100,9,0.17881,0.08534,0.18694,2.4883955600403632e-05
35120,9,0.1627,0.06416,0.19707,2.4863773965691225e-05
35140,9,0.11175,0.04316,0.13718,2.4843592330978807e-05
35160,9,0.17593,0.05516,0.24154,2.48234106962664e-05
35180,9,0.25513,0.1737,0.16285,2.4803229061553985e-05
35200,9,0.43813,0.29853,0.27921,2.4783047426841578e-05
35220,9,0.17019,0.07852,0.18334,2.476286579212916e-05
35240,9,0.17865,0.04946,0.25839,2.4742684157416752e-05
35260,9,0.16336,0.0844,0.15793,2.4722502522704338e-05
35280,9,0.12092,0.06163,0.11859,2.470232088799193e-05
35300,9,0.26198,0.1609,0.20217,2.4682139253279513e-05
35320,9,0.12844,0.06193,0.13301,2.4661957618567105e-05
35340,9,0.21713,0.10024,0.23379,2.464177598385469e-05
35360,9,0.22535,0.07834,0.29401,2.4621594349142283e-05
35380,9,0.16811,0.09227,0.15168,2.4601412714429866e-05
35400,9,0.17126,0.09015,0.16221,2.4581231079717458e-05
35420,9,0.20062,0.09701,0.20724,2.4561049445005044e-05
35440,9,0.13377,0.08059,0.10635,2.4540867810292636e-05
35460,9,0.15981,0.0828,0.15402,2.4520686175580222e-05
35480,9,0.22064,0.14267,0.15594,2.450050454086781e-05
35500,9,0.1204,0.05719,0.12642,2.4480322906155397e-05
35520,9,0.16183,0.08087,0.16193,2.446014127144299e-05
35540,9,0.16785,0.09027,0.15517,2.4439959636730575e-05
35560,9,0.1785,0.09377,0.16946,2.4419778002018164e-05
35580,9,0.19874,0.06978,0.25792,2.439959636730575e-05
35600,9,0.33743,0.21533,0.24419,2.4379414732593342e-05
35620,9,0.14722,0.0524,0.18964,2.4359233097880928e-05
35640,9,0.13682,0.04663,0.18037,2.4339051463168517e-05
35660,9,0.20286,0.09452,0.21668,2.4318869828456102e-05
35680,9,0.17919,0.10416,0.15006,2.4298688193743695e-05
35700,9,0.1682,0.08645,0.1635,2.427850655903128e-05
35720,9,0.19581,0.10263,0.18636,2.425832492431887e-05
35740,9,0.22559,0.0758,0.29958,2.4238143289606455e-05
35760,9,0.25269,0.16332,0.17874,2.4217961654894048e-05
35780,9,0.22354,0.12498,0.19712,2.4197780020181633e-05
35800,9,0.2545,0.10647,0.29607,2.4177598385469222e-05
35820,9,0.17651,0.07055,0.21191,2.4157416750756808e-05
35840,9,0.11526,0.07016,0.09019,2.41372351160444e-05
35860,10,0.2833,0.15184,0.26292,2.4117053481331986e-05
35880,10,0.12463,0.05258,0.14409,2.409687184661958e-05
35900,10,0.14311,0.06573,0.15476,2.407669021190716e-05
35920,10,0.18124,0.05149,0.25951,2.4056508577194753e-05
35940,10,0.15968,0.07865,0.16206,2.403632694248234e-05
35960,10,0.16041,0.08092,0.15898,2.401614530776993e-05
35980,10,0.28595,0.10673,0.35844,2.399596367305752e-05
36000,10,0.10007,0.04955,0.10104,2.3975782038345106e-05
36020,10,0.175,0.1002,0.14959,2.39556004036327e-05
36040,10,0.21478,0.09297,0.24361,2.3935418768920284e-05
36060,10,0.14549,0.08602,0.11893,2.3915237134207873e-05
36080,10,0.18501,0.06706,0.23589,2.389505549949546e-05
36100,10,0.10309,0.05506,0.09605,2.387487386478305e-05
36120,10,0.1421,0.07792,0.12837,2.3854692230070637e-05
36140,10,0.14721,0.06106,0.17231,2.3834510595358226e-05
36160,10,0.33816,0.19017,0.29597,2.3814328960645812e-05
36180,10,0.19134,0.08903,0.20461,2.3794147325933404e-05
36200,10,0.17882,0.10987,0.13791,2.377396569122099e-05
36220,10,0.12316,0.05826,0.12981,2.375378405650858e-05
36240,10,0.37178,0.27044,0.20268,2.3733602421796165e-05
36260,10,0.12833,0.05554,0.14558,2.3713420787083757e-05
36280,10,0.12067,0.05082,0.1397,2.3693239152371343e-05
36300,10,0.1315,0.07026,0.12248,2.3673057517658935e-05
36320,10,0.17861,0.09457,0.16808,2.3652875882946518e-05
36340,10,0.33038,0.20998,0.24079,2.363269424823411e-05
36360,10,0.17946,0.07989,0.19914,2.3612512613521696e-05
36380,10,0.24838,0.12794,0.24089,2.3592330978809288e-05
36400,10,0.13298,0.06086,0.14424,2.357214934409687e-05
36420,10,0.13136,0.07046,0.12181,2.3551967709384463e-05
36440,10,0.17437,0.09102,0.1667,2.353178607467205e-05
36460,10,0.21663,0.10625,0.22076,2.351160443995964e-05
36480,10,0.18139,0.07524,0.21232,2.3491422805247223e-05
36500,10,0.12311,0.06923,0.10775,2.3471241170534816e-05
36520,10,0.12311,0.05864,0.12894,2.34510595358224e-05
36540,10,0.19987,0.13473,0.13028,2.3430877901109994e-05
36560,10,0.16396,0.09071,0.14649,2.3410696266397576e-05
36580,10,0.17861,0.10862,0.13998,2.339051463168517e-05
36600,10,0.11924,0.0688,0.10088,2.3370332996972754e-05
36620,10,0.08704,0.04624,0.08162,2.3350151362260347e-05
36640,10,0.17786,0.10569,0.14434,2.3329969727547932e-05
36660,10,0.24525,0.11467,0.26116,2.330978809283552e-05
36680,10,0.30402,0.19386,0.22031,2.3289606458123107e-05
36700,10,0.17477,0.07504,0.19944,2.32694248234107e-05
36720,10,0.23269,0.11759,0.23021,2.3249243188698285e-05
36740,10,0.10447,0.03787,0.13318,2.3229061553985874e-05
36760,10,0.13727,0.06618,0.14218,2.320887991927346e-05
36780,10,0.1645,0.07038,0.18825,2.3188698284561052e-05
36800,10,0.13115,0.04636,0.16957,2.3168516649848638e-05
36820,10,0.26306,0.14409,0.23793,2.3148335015136227e-05
36840,10,0.24842,0.11683,0.26317,2.3128153380423813e-05
36860,10,0.14822,0.0675,0.16146,2.3107971745711405e-05
36880,10,0.20464,0.09097,0.22733,2.308779011099899e-05
36900,10,0.18376,0.06443,0.23866,2.306760847628658e-05
36920,10,0.16252,0.07295,0.17914,2.3047426841574166e-05
36940,10,0.41994,0.20214,0.43559,2.3027245206861758e-05
36960,10,0.13294,0.07881,0.10826,2.3007063572149344e-05
36980,10,0.12218,0.05282,0.13872,2.2986881937436933e-05
37000,10,0.11579,0.05839,0.1148,2.296670030272452e-05
37020,10,0.12659,0.06667,0.11983,2.294651866801211e-05
37040,10,0.13746,0.0618,0.15133,2.2926337033299697e-05
37060,10,0.14591,0.0699,0.15201,2.290615539858729e-05
37080,10,0.16648,0.05772,0.21752,2.288597376387487e-05
37100,10,0.14912,0.07968,0.13888,2.2865792129162464e-05
37120,10,0.15853,0.07244,0.17218,2.284561049445005e-05
37140,10,0.09062,0.05434,0.07255,2.2825428859737642e-05
37160,10,0.15392,0.07632,0.1552,2.2805247225025224e-05
37180,10,0.22215,0.11267,0.21895,2.2785065590312817e-05
37200,10,0.15415,0.06252,0.18328,2.2764883955600402e-05
37220,10,0.18592,0.10812,0.1556,2.2744702320887995e-05
37240,10,0.19935,0.07966,0.23938,2.2724520686175577e-05
37260,10,0.14391,0.05614,0.17555,2.270433905146317e-05
37280,10,0.17204,0.05938,0.22532,2.2684157416750755e-05
37300,10,0.13333,0.06834,0.13,2.2663975782038348e-05
37320,10,0.12796,0.0488,0.15833,2.264379414732593e-05
37340,10,0.16103,0.08214,0.15778,2.2623612512613522e-05
37360,10,0.17203,0.06831,0.20744,2.2603430877901108e-05
37380,10,0.14069,0.06484,0.1517,2.25832492431887e-05
37400,10,0.33949,0.19983,0.27931,2.2563067608476286e-05
37420,10,0.11022,0.05676,0.10692,2.2542885973763875e-05
37440,10,0.1186,0.05566,0.12589,2.252270433905146e-05
37460,10,0.21169,0.08822,0.24694,2.2502522704339053e-05
37480,10,0.15071,0.0926,0.11622,2.248234106962664e-05
37500,10,0.10593,0.05033,0.1112,2.2462159434914228e-05
37520,10,0.13182,0.05483,0.15397,2.2441977800201814e-05
37540,10,0.14105,0.07746,0.12719,2.2421796165489406e-05
37560,10,0.14725,0.05676,0.18098,2.2401614530776992e-05
37580,10,0.15937,0.07513,0.16848,2.238143289606458e-05
37600,10,0.14359,0.06095,0.16529,2.2361251261352166e-05
37620,10,0.76036,0.6263,0.26813,2.234106962663976e-05
37640,10,0.19549,0.09476,0.20146,2.2320887991927345e-05
37660,10,0.13221,0.06533,0.13375,2.2300706357214934e-05
37680,10,0.25633,0.15698,0.1987,2.2280524722502526e-05
37700,10,0.20561,0.10171,0.2078,2.2260343087790112e-05
37720,10,0.13636,0.07494,0.12283,2.2240161453077704e-05
37740,10,0.26188,0.16709,0.18958,2.2219979818365286e-05
37760,10,0.23093,0.12825,0.20535,2.219979818365288e-05
37780,10,0.29,0.17685,0.22629,2.2179616548940465e-05
37800,10,0.13587,0.07548,0.12078,2.2159434914228057e-05
37820,10,0.15832,0.08069,0.15527,2.2139253279515643e-05
37840,10,0.26084,0.09787,0.32593,2.2119071644803232e-05
37860,10,0.26709,0.1055,0.32319,2.2098890010090817e-05
37880,10,0.18908,0.07937,0.21941,2.207870837537841e-05
37900,10,0.21203,0.12225,0.17957,2.2058526740665996e-05
37920,10,0.16808,0.08151,0.17314,2.2038345105953585e-05
37940,10,0.25528,0.11176,0.28704,2.201816347124117e-05
37960,10,0.29645,0.16082,0.27127,2.1997981836528763e-05
37980,10,0.1224,0.047,0.15081,2.197780020181635e-05
38000,10,0.15009,0.082,0.13618,2.1957618567103937e-05
38020,10,0.13354,0.06684,0.1334,2.1937436932391523e-05
38040,10,0.23901,0.13541,0.2072,2.1917255297679116e-05
38060,10,0.19116,0.10291,0.17651,2.18970736629667e-05
38080,10,0.15811,0.08122,0.15378,2.187689202825429e-05
38100,10,0.34763,0.1986,0.29807,2.1856710393541876e-05
38120,10,0.23342,0.11763,0.23157,2.183652875882947e-05
38140,10,0.15821,0.0764,0.16362,2.1816347124117054e-05
38160,10,0.14411,0.07661,0.135,2.1796165489404643e-05
38180,10,0.2167,0.0713,0.2908,2.177598385469223e-05
38200,10,0.14431,0.06141,0.1658,2.175580221997982e-05
38220,10,0.14876,0.06923,0.15908,2.1735620585267407e-05
38240,10,0.21421,0.14366,0.14111,2.1715438950555e-05
38260,10,0.27484,0.15626,0.23717,2.169525731584258e-05
38280,10,0.13724,0.05907,0.15635,2.1675075681130174e-05
38300,10,0.13097,0.0685,0.12494,2.165489404641776e-05
38320,10,0.18469,0.1103,0.14879,2.1634712411705352e-05
38340,10,0.24061,0.14707,0.18706,2.1614530776992935e-05
38360,10,0.25173,0.10018,0.30309,2.1594349142280527e-05
38380,10,0.13805,0.08466,0.10678,2.1574167507568113e-05
38400,10,0.23652,0.12987,0.21329,2.1553985872855705e-05
38420,10,0.28212,0.16768,0.22889,2.1533804238143287e-05
38440,10,0.18814,0.09878,0.17872,2.151362260343088e-05
38460,10,0.17529,0.09581,0.15895,2.1493440968718465e-05
38480,10,0.27421,0.12951,0.28941,2.1473259334006058e-05
38500,10,0.21515,0.09237,0.24556,2.145307769929364e-05
38520,10,0.18192,0.09047,0.1829,2.1432896064581233e-05
38540,10,0.15871,0.06368,0.19005,2.141271442986882e-05
38560,10,0.17949,0.09502,0.16894,2.139253279515641e-05
38580,10,0.13144,0.05767,0.14753,2.1372351160443993e-05
38600,10,0.24956,0.12745,0.24422,2.1352169525731586e-05
38620,10,0.11539,0.04552,0.13976,2.133198789101917e-05
38640,10,0.13198,0.06056,0.14284,2.1311806256306764e-05
38660,10,0.26267,0.16841,0.18853,2.129162462159435e-05
38680,10,0.18651,0.08,0.21301,2.127144298688194e-05
38700,10,0.2956,0.1466,0.29799,2.1251261352169524e-05
38720,10,0.13527,0.06963,0.13127,2.1231079717457116e-05
38740,10,0.23606,0.07405,0.32402,2.1210898082744702e-05
38760,10,0.15543,0.0724,0.16607,2.119071644803229e-05
38780,10,0.10728,0.05546,0.10363,2.1170534813319877e-05
38800,10,0.20722,0.14385,0.12675,2.115035317860747e-05
38820,10,0.17399,0.06091,0.22615,2.1130171543895055e-05
38840,10,0.24355,0.10036,0.28638,2.1109989909182644e-05
38860,10,0.18393,0.10554,0.15678,2.108980827447023e-05
38880,10,0.21109,0.07764,0.2669,2.1069626639757822e-05
38900,10,0.1884,0.10988,0.15705,2.1049445005045408e-05
38920,10,0.20684,0.09247,0.22874,2.1029263370332997e-05
38940,10,0.13023,0.04956,0.16134,2.1009081735620583e-05
38960,10,0.17574,0.06505,0.22138,2.0988900100908175e-05
38980,10,0.10318,0.05836,0.08964,2.096871846619576e-05
39000,10,0.28697,0.18244,0.20906,2.094853683148335e-05
39020,10,0.19739,0.09547,0.20383,2.0928355196770935e-05
39040,10,0.13965,0.07755,0.1242,2.0908173562058528e-05
39060,10,0.17083,0.06228,0.2171,2.0887991927346114e-05
39080,10,0.11497,0.06108,0.10778,2.0867810292633706e-05
39100,10,0.23688,0.15589,0.16197,2.0847628657921288e-05
39120,10,0.1519,0.08015,0.1435,2.082744702320888e-05
39140,10,0.13983,0.05202,0.17563,2.0807265388496466e-05
39160,10,0.29691,0.15937,0.27508,2.078708375378406e-05
39180,10,0.23008,0.0886,0.28295,2.076690211907164e-05
39200,10,0.23727,0.12143,0.23169,2.0746720484359234e-05
39220,10,0.19281,0.07789,0.22985,2.072653884964682e-05
39240,10,0.20657,0.05928,0.29457,2.070635721493441e-05
39260,10,0.21378,0.10916,0.20923,2.0686175580221994e-05
39280,10,0.16367,0.08862,0.1501,2.0665993945509586e-05
39300,10,0.16116,0.0784,0.16552,2.0645812310797172e-05
39320,10,0.11159,0.06786,0.08747,2.0625630676084765e-05
39340,10,0.21371,0.11474,0.19794,2.0605449041372347e-05
39360,10,0.13839,0.09079,0.09521,2.058526740665994e-05
39380,10,0.1164,0.06842,0.09597,2.0565085771947532e-05
39400,10,0.16159,0.08362,0.15594,2.0544904137235117e-05
39420,10,0.12032,0.04685,0.14694,2.0524722502522706e-05
39440,10,0.14542,0.07987,0.13111,2.0504540867810292e-05
39460,10,0.26746,0.13554,0.26385,2.0484359233097885e-05
39480,10,0.24461,0.14272,0.20378,2.046417759838547e-05
39500,10,0.10923,0.04161,0.13525,2.0443995963673063e-05
39520,10,0.13751,0.07373,0.12756,2.0423814328960645e-05
39540,10,0.13019,0.0747,0.11098,2.0403632694248237e-05
39560,10,0.19521,0.08826,0.21389,2.0383451059535823e-05
39580,10,0.27654,0.14639,0.26029,2.0363269424823416e-05
39600,10,0.31284,0.20842,0.20883,2.0343087790110998e-05
39620,10,0.13765,0.05772,0.15986,2.032290615539859e-05
39640,10,0.17884,0.07256,0.21257,2.0302724520686176e-05
39660,10,0.16634,0.09596,0.14077,2.028254288597377e-05
39680,10,0.13914,0.06158,0.15513,2.026236125126135e-05
39700,10,0.32905,0.21833,0.22144,2.0242179616548943e-05
39720,10,0.15575,0.0816,0.1483,2.022199798183653e-05
39740,10,0.14942,0.05669,0.18547,2.020181634712412e-05
39760,10,0.17305,0.07198,0.20215,2.0181634712411703e-05
39780,10,0.16644,0.09652,0.13984,2.0161453077699296e-05
39800,10,0.20882,0.10249,0.21268,2.014127144298688e-05
39820,10,0.25965,0.14299,0.23333,2.0121089808274474e-05
39840,10,0.22791,0.141,0.17381,2.010090817356206e-05
39860,11,0.1736,0.06958,0.20804,2.008072653884965e-05
39880,11,0.24288,0.13994,0.20588,2.0060544904137234e-05
39900,11,0.13241,0.05618,0.15245,2.0040363269424827e-05
39920,11,0.18985,0.09287,0.19395,2.0020181634712413e-05
39940,11,0.276,0.13098,0.29005,2e-05
39960,11,0.15396,0.08467,0.13856,1.9979818365287587e-05
39980,11,0.20138,0.07921,0.24434,1.995963673057518e-05
40000,11,0.19327,0.09711,0.19231,1.9939455095862765e-05
40020,11,0.16794,0.10166,0.13255,1.9919273461150354e-05
40040,11,0.17612,0.0717,0.20884,1.989909182643794e-05
40060,11,0.16652,0.05841,0.21622,1.9878910191725533e-05
40080,11,0.22556,0.09946,0.25219,1.9858728557013118e-05
40100,11,0.2771,0.17366,0.20687,1.9838546922300707e-05
40120,11,0.20966,0.097,0.22532,1.9818365287588293e-05
40140,11,0.17002,0.06374,0.21256,1.9798183652875885e-05
40160,11,0.17471,0.09174,0.16594,1.977800201816347e-05
40180,11,0.12522,0.06768,0.11507,1.975782038345106e-05
40200,11,0.14226,0.06188,0.16076,1.9737638748738646e-05
40220,11,0.14755,0.05972,0.17566,1.9717457114026238e-05
40240,11,0.13309,0.06034,0.14551,1.9697275479313824e-05
40260,11,0.1204,0.07417,0.09246,1.9677093844601416e-05
40280,11,0.10996,0.05522,0.10948,1.9656912209889e-05
40300,11,0.26554,0.11313,0.30481,1.963673057517659e-05
40320,11,0.17135,0.06721,0.20829,1.9616548940464177e-05
40340,11,0.12894,0.05175,0.15439,1.959636730575177e-05
40360,11,0.20394,0.07373,0.26042,1.957618567103935e-05
40380,11,0.28358,0.18878,0.1896,1.9556004036326944e-05
40400,11,0.13241,0.07519,0.11445,1.953582240161453e-05
40420,11,0.19688,0.12679,0.14019,1.9515640766902122e-05
40440,11,0.12491,0.05992,0.12997,1.9495459132189704e-05
40460,11,0.26367,0.12466,0.27802,1.9475277497477297e-05
40480,11,0.21631,0.09465,0.24331,1.9455095862764883e-05
40500,11,0.12032,0.06342,0.11381,1.9434914228052475e-05
40520,11,0.15917,0.07723,0.16389,1.9414732593340057e-05
40540,11,0.16292,0.06556,0.19471,1.939455095862765e-05
40560,11,0.14687,0.07606,0.14163,1.9374369323915235e-05
40580,11,0.18094,0.09743,0.16702,1.9354187689202828e-05
40600,11,0.18234,0.06884,0.22699,1.9334006054490413e-05
40620,11,0.12515,0.07063,0.10906,1.9313824419778003e-05
40640,11,0.19909,0.06091,0.27635,1.9293642785065588e-05
40660,11,0.17908,0.08756,0.18304,1.927346115035318e-05
40680,11,0.26535,0.10476,0.3212,1.9253279515640766e-05
40700,11,0.1641,0.10017,0.12786,1.9233097880928355e-05
40720,11,0.19862,0.09952,0.1982,1.921291624621594e-05
40740,11,0.14467,0.05267,0.18401,1.9192734611503533e-05
40760,11,0.26004,0.13206,0.25596,1.917255297679112e-05
40780,11,0.1941,0.11042,0.16736,1.9152371342078708e-05
40800,11,0.18752,0.05906,0.25692,1.9132189707366294e-05
40820,11,0.22851,0.13744,0.18214,1.9112008072653886e-05
40840,11,0.22117,0.11294,0.21646,1.9091826437941472e-05
40860,11,0.35117,0.2165,0.26934,1.907164480322906e-05
40880,11,0.12397,0.06119,0.12555,1.9051463168516647e-05
40900,11,0.19041,0.07363,0.23356,1.903128153380424e-05
40920,11,0.18113,0.10491,0.15243,1.9011099899091825e-05
40940,11,0.3986,0.32068,0.15584,1.8990918264379414e-05
40960,11,0.21469,0.10746,0.21447,1.8970736629667e-05
40980,11,0.21442,0.106,0.21684,1.8950554994954592e-05
41000,11,0.18483,0.08995,0.18976,1.8930373360242178e-05
41020,11,0.16062,0.07162,0.17799,1.891019172552977e-05
41040,11,0.17229,0.09722,0.15015,1.8890010090817352e-05
41060,11,0.16603,0.08182,0.16842,1.8869828456104945e-05
41080,11,0.17595,0.09615,0.1596,1.8849646821392537e-05
41100,11,0.14128,0.06006,0.16245,1.8829465186680123e-05
41120,11,0.15172,0.08674,0.12996,1.8809283551967712e-05
41140,11,0.194,0.13267,0.12267,1.8789101917255298e-05
41160,11,0.2627,0.11421,0.29699,1.876892028254289e-05
41180,11,0.13691,0.05531,0.1632,1.8748738647830476e-05
41200,11,0.20269,0.10907,0.18724,1.8728557013118065e-05
41220,11,0.10685,0.05649,0.10074,1.870837537840565e-05
41240,11,0.17043,0.07591,0.18905,1.8688193743693243e-05
41260,11,0.16098,0.0605,0.20096,1.866801210898083e-05
41280,11,0.12109,0.07271,0.09677,1.8647830474268418e-05
41300,11,0.17225,0.11511,0.11428,1.8627648839556003e-05
41320,11,0.16245,0.08637,0.15217,1.8607467204843596e-05
41340,11,0.18773,0.10372,0.16802,1.858728557013118e-05
41360,11,0.16711,0.08154,0.17114,1.856710393541877e-05
41380,11,0.15421,0.06763,0.17316,1.8546922300706356e-05
41400,11,0.1548,0.08161,0.14637,1.852674066599395e-05
41420,11,0.16518,0.10376,0.12284,1.8506559031281534e-05
41440,11,0.28635,0.12647,0.31975,1.8486377396569127e-05
41460,11,0.22704,0.12104,0.21201,1.846619576185671e-05
41480,11,0.1091,0.04122,0.13576,1.84460141271443e-05
41500,11,0.12771,0.05972,0.13598,1.8425832492431887e-05
41520,11,0.14083,0.07511,0.13144,1.840565085771948e-05
41540,11,0.33292,0.19973,0.2664,1.8385469223007062e-05
41560,11,0.18787,0.05857,0.2586,1.8365287588294654e-05
41580,11,0.18972,0.12477,0.12989,1.834510595358224e-05
41600,11,0.15561,0.09505,0.12111,1.8324924318869833e-05
41620,11,0.19565,0.10729,0.17672,1.8304742684157415e-05
41640,11,0.1937,0.09518,0.19705,1.8284561049445007e-05
41660,11,0.19169,0.09935,0.18468,1.8264379414732593e-05
41680,11,0.22687,0.14338,0.16698,1.8244197780020185e-05
41700,11,0.19259,0.07828,0.2286,1.8224016145307768e-05
41720,11,0.12098,0.05782,0.12632,1.820383451059536e-05
41740,11,0.1619,0.07771,0.16839,1.8183652875882946e-05
41760,11,0.19306,0.08935,0.20742,1.8163471241170538e-05
41780,11,0.28642,0.1632,0.24643,1.814328960645812e-05
41800,11,0.19412,0.09051,0.20722,1.8123107971745713e-05
41820,11,0.15936,0.07679,0.16514,1.81029263370333e-05
41840,11,0.3187,0.23371,0.16998,1.808274470232089e-05
41860,11,0.11105,0.06622,0.08967,1.8062563067608477e-05
41880,11,0.0979,0.05603,0.08374,1.8042381432896066e-05
41900,11,0.37458,0.22046,0.30826,1.802219979818365e-05
41920,11,0.26989,0.19021,0.15937,1.8002018163471244e-05
41940,11,0.152,0.08342,0.13716,1.798183652875883e-05
41960,11,0.14256,0.07978,0.12555,1.796165489404642e-05
41980,11,0.19412,0.09985,0.18854,1.7941473259334004e-05
42000,11,0.14636,0.08437,0.12398,1.7921291624621597e-05
42020,11,0.26073,0.1586,0.20427,1.7901109989909182e-05
42040,11,0.17695,0.07497,0.20396,1.788092835519677e-05
42060,11,0.2214,0.09503,0.25274,1.7860746720484357e-05
42080,11,0.16079,0.05939,0.2028,1.784056508577195e-05
42100,11,0.305,0.2332,0.14359,1.7820383451059535e-05
42120,11,0.23537,0.10801,0.25472,1.7800201816347124e-05
42140,11,0.14904,0.07587,0.14635,1.778002018163471e-05
42160,11,0.15036,0.06555,0.16962,1.7759838546922302e-05
42180,11,0.16309,0.08279,0.16059,1.7739656912209888e-05
42200,11,0.11122,0.05995,0.10253,1.7719475277497477e-05
42220,11,0.10351,0.05623,0.09457,1.7699293642785063e-05
42240,11,0.24037,0.13981,0.20114,1.7679112008072655e-05
42260,11,0.18338,0.08346,0.19984,1.765893037336024e-05
42280,11,0.13771,0.06813,0.13917,1.7638748738647833e-05
42300,11,0.2186,0.10287,0.23146,1.7618567103935416e-05
42320,11,0.14778,0.08016,0.13523,1.7598385469223008e-05
42340,11,0.10689,0.05073,0.11231,1.7578203834510594e-05
42360,11,0.16887,0.06345,0.21084,1.7558022199798186e-05
42380,11,0.1177,0.07225,0.09089,1.753784056508577e-05
42400,11,0.66439,0.54739,0.23401,1.751765893037336e-05
42420,11,0.13505,0.0596,0.1509,1.7497477295660947e-05
42440,11,0.79438,0.7176,0.15356,1.747729566094854e-05
42460,11,0.21131,0.1223,0.178,1.745711402623612e-05
42480,11,0.24509,0.12069,0.24879,1.7436932391523714e-05
42500,11,0.16316,0.09579,0.13475,1.74167507568113e-05
42520,11,0.201,0.08859,0.22482,1.7396569122098892e-05
42540,11,0.13337,0.07477,0.1172,1.7376387487386474e-05
42560,11,0.14739,0.04843,0.19793,1.7356205852674067e-05
42580,11,0.25336,0.12643,0.25385,1.7336024217961652e-05
42600,11,0.18294,0.10001,0.16587,1.7315842583249245e-05
42620,11,0.17469,0.09931,0.15076,1.729566094853683e-05
42640,11,0.21132,0.10896,0.20471,1.727547931382442e-05
42660,11,0.20693,0.09326,0.22734,1.7255297679112005e-05
42680,11,0.23439,0.1143,0.24018,1.7235116044399598e-05
42700,11,0.18795,0.09382,0.18826,1.7214934409687183e-05
42720,11,0.22969,0.12241,0.21457,1.7194752774974772e-05
42740,11,0.14404,0.08779,0.1125,1.7174571140262358e-05
42760,11,0.20201,0.12855,0.14693,1.715438950554995e-05
42780,11,0.18035,0.09598,0.16875,1.7134207870837543e-05
42800,11,0.14535,0.05064,0.18943,1.7114026236125125e-05
42820,11,0.22185,0.13776,0.16818,1.7093844601412718e-05
42840,11,0.15026,0.07289,0.15474,1.7073662966700303e-05
42860,11,0.194,0.05875,0.2705,1.7053481331987896e-05
42880,11,0.14709,0.04582,0.20253,1.7033299697275478e-05
42900,11,0.14753,0.08648,0.1221,1.701311806256307e-05
42920,11,0.13739,0.07243,0.12991,1.6992936427850656e-05
42940,11,0.20574,0.11491,0.18168,1.697275479313825e-05
42960,11,0.17474,0.0774,0.19468,1.695257315842583e-05
42980,11,0.19798,0.06445,0.26706,1.6932391523713423e-05
43000,11,0.17256,0.07463,0.19585,1.691220988900101e-05
43020,11,0.17229,0.10015,0.14428,1.68920282542886e-05
43040,11,0.21662,0.05962,0.314,1.6871846619576187e-05
43060,11,0.18557,0.07307,0.22499,1.6851664984863776e-05
43080,11,0.18803,0.10464,0.16678,1.6831483350151362e-05
43100,11,0.14396,0.08075,0.12641,1.6811301715438954e-05
43120,11,0.15847,0.07584,0.16526,1.679112008072654e-05
43140,11,0.15146,0.08902,0.12487,1.677093844601413e-05
43160,11,0.21945,0.09992,0.23907,1.6750756811301715e-05
43180,11,0.19369,0.11583,0.15571,1.6730575176589307e-05
43200,11,0.17452,0.0912,0.16663,1.6710393541876893e-05
43220,11,0.21263,0.11488,0.1955,1.6690211907164482e-05
43240,11,0.27739,0.15647,0.24184,1.6670030272452068e-05
43260,11,0.17325,0.06584,0.21482,1.664984863773966e-05
43280,11,0.16469,0.09723,0.1349,1.6629667003027246e-05
43300,11,0.19067,0.08767,0.206,1.6609485368314835e-05
43320,11,0.15721,0.0696,0.17523,1.658930373360242e-05
43340,11,0.37805,0.23414,0.28783,1.6569122098890013e-05
43360,11,0.17216,0.0811,0.18211,1.65489404641776e-05
43380,11,0.24077,0.10423,0.27308,1.6528758829465188e-05
43400,11,0.13499,0.05445,0.16108,1.6508577194752773e-05
43420,11,0.24363,0.14801,0.19124,1.6488395560040366e-05
43440,11,0.17796,0.0665,0.22291,1.646821392532795e-05
43460,11,0.24365,0.1172,0.2529,1.6448032290615544e-05
43480,11,0.19156,0.0808,0.22152,1.6427850655903126e-05
43500,11,0.16395,0.08556,0.15677,1.640766902119072e-05
43520,11,0.17836,0.07073,0.21526,1.6387487386478304e-05
43540,11,0.161,0.0581,0.20579,1.6367305751765897e-05
43560,11,0.19928,0.10634,0.18588,1.634712411705348e-05
43580,11,0.09663,0.04473,0.1038,1.632694248234107e-05
43600,11,0.10286,0.05912,0.08748,1.6306760847628657e-05
43620,11,0.44452,0.3073,0.27445,1.628657921291625e-05
43640,11,0.14994,0.07483,0.15022,1.6266397578203832e-05
43660,11,0.20145,0.0948,0.21331,1.6246215943491424e-05
43680,11,0.11582,0.04666,0.13831,1.622603430877901e-05
43700,11,0.11747,0.0675,0.09994,1.6205852674066602e-05
43720,11,0.19286,0.07223,0.24127,1.6185671039354185e-05
43740,11,0.23927,0.15892,0.1607,1.6165489404641777e-05
43760,11,0.18952,0.07861,0.22183,1.6145307769929363e-05
43780,11,0.13196,0.0393,0.18531,1.6125126135216955e-05
43800,11,0.21219,0.0992,0.22598,1.610494450050454e-05
43820,11,0.10544,0.05216,0.10656,1.608476286579213e-05
43840,12,0.21423,0.13712,0.15422,1.6064581231079716e-05
43860,12,0.17704,0.08356,0.18696,1.6044399596367308e-05
43880,12,0.10573,0.04959,0.11228,1.6024217961654894e-05
43900,12,0.16413,0.06758,0.1931,1.6004036326942483e-05
43920,12,0.09537,0.0461,0.09854,1.598385469223007e-05
43940,12,0.32962,0.15915,0.34094,1.596367305751766e-05
43960,12,0.15758,0.06785,0.17946,1.5943491422805247e-05
43980,12,0.169,0.08032,0.17736,1.5923309788092836e-05
44000,12,0.16624,0.07423,0.18403,1.590312815338042e-05
44020,12,0.27073,0.13925,0.26296,1.5882946518668014e-05
44040,12,0.19813,0.09315,0.20997,1.58627648839556e-05
44060,12,0.26995,0.16519,0.2095,1.584258324924319e-05
44080,12,0.13565,0.06972,0.13186,1.5822401614530774e-05
44100,12,0.18425,0.11772,0.13307,1.5802219979818367e-05
44120,12,0.16107,0.07984,0.16246,1.5782038345105952e-05
44140,12,0.14501,0.07229,0.14545,1.576185671039354e-05
44160,12,0.15837,0.07018,0.17638,1.5741675075681127e-05
44180,12,0.22397,0.12473,0.19849,1.572149344096872e-05
44200,12,0.15149,0.07249,0.15799,1.5701311806256305e-05
44220,12,0.14159,0.06103,0.16112,1.5681130171543898e-05
44240,12,0.24574,0.10661,0.27826,1.566094853683148e-05
44260,12,0.30411,0.17067,0.26689,1.5640766902119072e-05
44280,12,0.171,0.081,0.18,1.5620585267406658e-05
44300,12,0.13858,0.051,0.17517,1.560040363269425e-05
44320,12,0.12735,0.06761,0.11948,1.5580221997981833e-05
44340,12,0.20725,0.10893,0.19664,1.5560040363269425e-05
44360,12,0.16697,0.095,0.14393,1.553985872855701e-05
44380,12,0.22248,0.10602,0.23291,1.5519677093844603e-05
44400,12,0.1146,0.06226,0.10468,1.5499495459132186e-05
44420,12,0.18499,0.08631,0.19735,1.5479313824419778e-05
44440,12,0.1549,0.07303,0.16375,1.5459132189707364e-05
44460,12,0.16308,0.09327,0.13964,1.5438950554994956e-05
44480,12,0.16378,0.07084,0.18587,1.5418768920282545e-05
44500,12,0.11295,0.05077,0.12435,1.539858728557013e-05
44520,12,0.13026,0.06633,0.12786,1.5378405650857723e-05
44540,12,0.18211,0.09725,0.16971,1.535822401614531e-05
44560,12,0.17409,0.07669,0.19479,1.5338042381432898e-05
44580,12,0.11588,0.07708,0.07759,1.5317860746720484e-05
44600,12,0.11004,0.06479,0.09049,1.5297679112008076e-05
44620,12,0.14472,0.07104,0.14737,1.5277497477295662e-05
44640,12,0.1662,0.06727,0.19786,1.5257315842583253e-05
44660,12,0.16395,0.08015,0.1676,1.5237134207870838e-05
44680,12,0.14077,0.04573,0.19009,1.5216952573158429e-05
44700,12,0.18597,0.08352,0.20491,1.5196770938446015e-05
44720,12,0.14604,0.05852,0.17504,1.5176589303733605e-05
44740,12,0.16144,0.08241,0.15806,1.5156407669021191e-05
44760,12,0.2457,0.13375,0.2239,1.5136226034308782e-05
44780,12,0.19215,0.06668,0.25093,1.5116044399596368e-05
44800,12,0.10965,0.05201,0.11528,1.5095862764883958e-05
44820,12,0.1785,0.09167,0.17366,1.5075681130171544e-05
44840,12,0.13288,0.05324,0.15928,1.5055499495459135e-05
44860,12,0.11864,0.06605,0.10517,1.503531786074672e-05
44880,12,0.17507,0.08047,0.1892,1.5015136226034311e-05
44900,12,0.13534,0.07864,0.1134,1.4994954591321897e-05
44920,12,0.11411,0.0476,0.13304,1.4974772956609488e-05
44940,12,0.26638,0.11767,0.29742,1.4954591321897073e-05
44960,12,0.1474,0.0631,0.16859,1.4934409687184664e-05
44980,12,0.13185,0.06344,0.13681,1.491422805247225e-05
45000,12,0.14193,0.07469,0.13449,1.489404641775984e-05
45020,12,0.28941,0.1812,0.21641,1.4873864783047426e-05
45040,12,0.16218,0.07546,0.17343,1.4853683148335019e-05
45060,12,0.16096,0.05747,0.20698,1.4833501513622602e-05
45080,12,0.20941,0.1504,0.11801,1.4813319878910195e-05
45100,12,0.22073,0.11471,0.21204,1.4793138244197779e-05
45120,12,0.16714,0.07204,0.19021,1.4772956609485371e-05
45140,12,0.21926,0.12241,0.19369,1.4752774974772955e-05
45160,12,0.25959,0.17645,0.16629,1.4732593340060548e-05
45180,12,0.18411,0.07396,0.22031,1.4712411705348132e-05
45200,12,0.31325,0.18543,0.25564,1.4692230070635724e-05
45220,12,0.21541,0.10997,0.2109,1.4672048435923308e-05
45240,12,0.29099,0.14125,0.29948,1.46518668012109e-05
45260,12,0.15101,0.09031,0.12139,1.4631685166498485e-05
45280,12,0.17947,0.06938,0.22017,1.4611503531786077e-05
45300,12,0.12479,0.06307,0.12344,1.4591321897073661e-05
45320,12,0.1842,0.08649,0.19543,1.4571140262361253e-05
45340,12,0.28499,0.14394,0.28211,1.4550958627648837e-05
45360,12,0.18428,0.05714,0.25429,1.453077699293643e-05
45380,12,0.14859,0.07131,0.15458,1.4510595358224016e-05
45400,12,0.20655,0.10185,0.20941,1.4490413723511606e-05
45420,12,0.09674,0.05225,0.08897,1.4470232088799192e-05
45440,12,0.16059,0.0811,0.15899,1.4450050454086783e-05
45460,12,0.1283,0.07477,0.10706,1.4429868819374368e-05
45480,12,0.14798,0.07132,0.15333,1.440968718466196e-05
45500,12,0.12055,0.0532,0.1347,1.4389505549949545e-05
45520,12,0.16324,0.09138,0.14373,1.4369323915237136e-05
45540,12,0.19319,0.11647,0.15345,1.4349142280524721e-05
45560,12,0.24233,0.08384,0.31698,1.4328960645812312e-05
45580,12,0.26509,0.14332,0.24354,1.4308779011099898e-05
45600,12,0.23263,0.10182,0.26163,1.4288597376387488e-05
45620,12,0.1207,0.07544,0.09052,1.4268415741675074e-05
45640,12,0.17285,0.09587,0.15396,1.4248234106962665e-05
45660,12,0.17159,0.08083,0.18152,1.422805247225025e-05
45680,12,0.09599,0.05355,0.08487,1.4207870837537841e-05
45700,12,0.15483,0.05536,0.19895,1.4187689202825427e-05
45720,12,0.12289,0.06283,0.12012,1.4167507568113018e-05
45740,12,0.18802,0.10695,0.16214,1.4147325933400603e-05
45760,12,0.096,0.04803,0.09594,1.4127144298688194e-05
45780,12,0.22498,0.13714,0.17567,1.410696266397578e-05
45800,12,0.16222,0.10691,0.11062,1.4086781029263372e-05
45820,12,0.15705,0.07413,0.16585,1.4066599394550956e-05
45840,12,0.09451,0.04978,0.08945,1.4046417759838549e-05
45860,12,0.1579,0.06937,0.17706,1.4026236125126133e-05
45880,12,0.12301,0.07176,0.1025,1.4006054490413725e-05
45900,12,0.11835,0.06849,0.09971,1.3985872855701309e-05
45920,12,0.26138,0.15835,0.20607,1.3965691220988902e-05
45940,12,0.15958,0.06524,0.18868,1.3945509586276486e-05
45960,12,0.17162,0.08865,0.16594,1.3925327951564078e-05
45980,12,0.15085,0.0557,0.1903,1.3905146316851662e-05
46000,12,0.13613,0.06681,0.13865,1.3884964682139254e-05
46020,12,0.07146,0.03821,0.0665,1.3864783047426838e-05
46040,12,0.24138,0.129,0.22475,1.384460141271443e-05
46060,12,0.1452,0.06137,0.16765,1.3824419778002015e-05
46080,12,0.19339,0.07752,0.23174,1.3804238143289607e-05
46100,12,0.12199,0.07144,0.10111,1.3784056508577191e-05
46120,12,0.18512,0.0964,0.17745,1.3763874873864784e-05
46140,12,0.12981,0.06309,0.13344,1.3743693239152368e-05
46160,12,0.14108,0.07314,0.13589,1.372351160443996e-05
46180,12,0.22062,0.10978,0.22169,1.370332996972755e-05
46200,12,0.13785,0.07364,0.12841,1.3683148335015136e-05
46220,12,0.16913,0.0587,0.22086,1.3662966700302729e-05
46240,12,0.16857,0.10293,0.13127,1.3642785065590313e-05
46260,12,0.20224,0.05903,0.28641,1.3622603430877905e-05
46280,12,0.14775,0.0486,0.19829,1.360242179616549e-05
46300,12,0.18249,0.11304,0.1389,1.3582240161453082e-05
46320,12,0.12063,0.06243,0.11639,1.3562058526740666e-05
46340,12,0.10831,0.03828,0.14007,1.3541876892028258e-05
46360,12,0.13918,0.06571,0.14694,1.3521695257315842e-05
46380,12,0.33311,0.21544,0.23535,1.3501513622603435e-05
46400,12,0.21952,0.11124,0.21656,1.3481331987891019e-05
46420,12,0.1942,0.09652,0.19535,1.3461150353178611e-05
46440,12,0.23561,0.13571,0.1998,1.3440968718466195e-05
46460,12,0.18837,0.0676,0.24154,1.3420787083753787e-05
46480,12,0.12141,0.07287,0.09707,1.3400605449041371e-05
46500,12,0.14277,0.07259,0.14037,1.3380423814328964e-05
46520,12,0.20064,0.08427,0.23274,1.3360242179616548e-05
46540,12,0.28076,0.15752,0.24648,1.334006054490414e-05
46560,12,0.14576,0.08232,0.12688,1.3319878910191724e-05
46580,12,0.10744,0.05074,0.1134,1.3299697275479317e-05
46600,12,0.1772,0.05257,0.24925,1.3279515640766902e-05
46620,12,0.14685,0.07583,0.14204,1.3259334006054493e-05
46640,12,0.1556,0.0675,0.17621,1.3239152371342079e-05
46660,12,0.16539,0.07668,0.17741,1.321897073662967e-05
46680,12,0.1797,0.10137,0.15666,1.3198789101917255e-05
46700,12,0.14146,0.07212,0.13867,1.3178607467204846e-05
46720,12,0.33221,0.17987,0.30468,1.3158425832492432e-05
46740,12,0.19555,0.08013,0.23083,1.3138244197780022e-05
46760,12,0.1422,0.05647,0.17146,1.3118062563067608e-05
46780,12,0.27755,0.11694,0.32123,1.3097880928355199e-05
46800,12,0.10667,0.05085,0.11165,1.3077699293642785e-05
46820,12,0.27275,0.1618,0.2219,1.3057517658930375e-05
46840,12,0.17504,0.07732,0.19544,1.3037336024217961e-05
46860,12,0.24411,0.15089,0.18645,1.3017154389505552e-05
46880,12,0.10759,0.0526,0.10998,1.2996972754793137e-05
46900,12,0.25517,0.15928,0.19177,1.2976791120080728e-05
46920,12,0.25152,0.0734,0.35626,1.2956609485368314e-05
46940,12,0.10764,0.06747,0.08034,1.2936427850655905e-05
46960,12,0.16153,0.07772,0.16761,1.291624621594349e-05
46980,12,0.21217,0.08669,0.25095,1.2896064581231081e-05
47000,12,0.1545,0.07829,0.15242,1.2875882946518667e-05
47020,12,0.1213,0.06628,0.11003,1.2855701311806259e-05
47040,12,0.2368,0.16539,0.14282,1.2835519677093843e-05
47060,12,0.24497,0.17045,0.14905,1.2815338042381436e-05
47080,12,0.19313,0.08462,0.21704,1.279515640766902e-05
47100,12,0.21485,0.08376,0.26218,1.2774974772956612e-05
47120,12,0.25072,0.0972,0.30704,1.2754793138244196e-05
47140,12,0.213,0.10711,0.21178,1.2734611503531788e-05
47160,12,0.14215,0.09108,0.10213,1.2714429868819372e-05
47180,12,0.27173,0.11441,0.31465,1.2694248234106965e-05
47200,12,0.19187,0.12234,0.13907,1.2674066599394549e-05
47220,12,0.11604,0.05945,0.11318,1.2653884964682141e-05
47240,12,0.15409,0.07143,0.16531,1.2633703329969725e-05
47260,12,0.16753,0.08628,0.16249,1.2613521695257318e-05
47280,12,0.16859,0.0991,0.13898,1.2593340060544902e-05
47300,12,0.13228,0.06354,0.13748,1.2573158425832494e-05
47320,12,0.29296,0.14451,0.29689,1.2552976791120078e-05
47340,12,0.15124,0.07925,0.14397,1.253279515640767e-05
47360,12,0.20397,0.11151,0.18493,1.2512613521695254e-05
47380,12,0.16567,0.08285,0.16564,1.2492431886982847e-05
47400,12,0.16469,0.09289,0.14359,1.2472250252270433e-05
47420,12,0.14818,0.06286,0.17065,1.2452068617558023e-05
47440,12,0.2453,0.15578,0.17905,1.2431886982845609e-05
47460,12,0.1442,0.06912,0.15016,1.24117053481332e-05
47480,12,0.1568,0.08181,0.14997,1.2391523713420785e-05
47500,12,0.24485,0.1,0.28971,1.2371342078708376e-05
47520,12,0.11579,0.07056,0.09046,1.2351160443995962e-05
47540,12,0.18661,0.05882,0.25559,1.2330978809283553e-05
47560,12,0.12845,0.06395,0.12899,1.2310797174571138e-05
47580,12,0.11566,0.0653,0.10071,1.2290615539858729e-05
47600,12,0.13899,0.04724,0.1835,1.2270433905146315e-05
47620,12,0.17669,0.06704,0.21931,1.2250252270433905e-05
47640,12,0.11605,0.06888,0.09432,1.2230070635721491e-05
47660,12,0.18994,0.07413,0.23163,1.2209889001009082e-05
47680,12,0.14717,0.0793,0.13574,1.2189707366296668e-05
47700,12,0.11496,0.06215,0.10561,1.2169525731584258e-05
47720,12,0.20397,0.12359,0.16075,1.2149344096871844e-05
47740,12,0.20863,0.10058,0.21611,1.2129162462159435e-05
47760,12,0.15602,0.06511,0.18183,1.210898082744702e-05
47780,12,0.13659,0.06391,0.14536,1.2088799192734611e-05
47800,12,0.0942,0.05078,0.08683,1.2068617558022197e-05
47820,13,0.23091,0.1534,0.15503,1.204843592330979e-05
47840,13,0.17054,0.09364,0.15379,1.2028254288597373e-05
47860,13,0.16387,0.07222,0.1833,1.2008072653884966e-05
47880,13,0.19185,0.08093,0.22184,1.1987891019172556e-05
47900,13,0.20347,0.09838,0.21017,1.1967709384460142e-05
47920,13,0.14326,0.08285,0.12082,1.1947527749747733e-05
47940,13,0.11184,0.05284,0.118,1.1927346115035319e-05
47960,13,0.20956,0.07357,0.27198,1.190716448032291e-05
47980,13,0.17616,0.08564,0.18106,1.1886982845610495e-05
48000,13,0.18717,0.08658,0.20118,1.1866801210898086e-05
48020,13,0.19706,0.08596,0.2222,1.1846619576185671e-05
48040,13,0.21647,0.11809,0.19675,1.1826437941473262e-05
48060,13,0.09165,0.05079,0.08172,1.1806256306760848e-05
48080,13,0.12422,0.06233,0.12377,1.1786074672048439e-05
48100,13,0.12092,0.05116,0.13951,1.1765893037336024e-05
48120,13,0.2038,0.09984,0.20793,1.1745711402623615e-05
48140,13,0.28672,0.15544,0.26256,1.17255297679112e-05
48160,13,0.12419,0.06569,0.11701,1.1705348133198791e-05
48180,13,0.11125,0.04788,0.12673,1.1685166498486377e-05
48200,13,0.1454,0.06577,0.15926,1.1664984863773968e-05
48220,13,0.10817,0.05271,0.11093,1.1644803229061554e-05
48240,13,0.13711,0.06316,0.14791,1.1624621594349146e-05
48260,13,0.21599,0.10739,0.2172,1.160443995963673e-05
48280,13,0.15892,0.06561,0.18661,1.1584258324924322e-05
48300,13,0.18637,0.0617,0.24934,1.1564076690211906e-05
48320,13,0.15571,0.05845,0.19453,1.1543895055499499e-05
48340,13,0.13966,0.07509,0.12915,1.1523713420787083e-05
48360,13,0.19454,0.08986,0.20936,1.1503531786074675e-05
48380,13,0.32606,0.19361,0.26491,1.148335015136226e-05
48400,13,0.13618,0.06292,0.14651,1.1463168516649852e-05
48420,13,0.20072,0.07633,0.24878,1.1442986881937436e-05
48440,13,0.21245,0.09764,0.22961,1.1422805247225028e-05
48460,13,0.17431,0.0722,0.20421,1.1402623612512612e-05
48480,13,0.24851,0.12442,0.24817,1.1382441977800204e-05
48500,13,0.15549,0.06981,0.17136,1.1362260343087788e-05
48520,13,0.12386,0.03586,0.176,1.1342078708375381e-05
48540,13,0.1232,0.06846,0.10948,1.1321897073662965e-05
48560,13,0.30622,0.11959,0.37326,1.1301715438950557e-05
48580,13,0.16562,0.10336,0.12451,1.1281533804238143e-05
48600,13,0.17425,0.08149,0.18552,1.1261352169525734e-05
48620,13,0.18336,0.09067,0.18538,1.124117053481332e-05
48640,13,0.20023,0.10728,0.1859,1.122098890010091e-05
48660,13,0.1868,0.0609,0.25179,1.1200807265388496e-05
48680,13,0.09911,0.05038,0.09746,1.1180625630676087e-05
48700,13,0.37988,0.2239,0.31196,1.1160443995963672e-05
48720,13,0.14204,0.06966,0.14476,1.1140262361251263e-05
48740,13,0.17098,0.07356,0.19484,1.1120080726538849e-05
48760,13,0.1397,0.05013,0.17913,1.109989909182644e-05
48780,13,0.14048,0.0553,0.17036,1.1079717457114025e-05
48800,13,0.14418,0.06897,0.15041,1.1059535822401616e-05
48820,13,0.15511,0.0926,0.12501,1.1039354187689202e-05
48840,13,0.28943,0.13684,0.30519,1.1019172552976792e-05
48860,13,0.14031,0.06386,0.15291,1.0998990918264378e-05
48880,13,0.4121,0.27171,0.28079,1.0978809283551969e-05
48900,13,0.20265,0.10164,0.20202,1.0958627648839554e-05
48920,13,0.15455,0.09641,0.11628,1.0938446014127145e-05
48940,13,0.1485,0.07059,0.15583,1.091826437941473e-05
48960,13,0.15061,0.07379,0.15365,1.0898082744702322e-05
48980,13,0.17255,0.07137,0.20235,1.0877901109989907e-05
49000,13,0.15389,0.08568,0.13642,1.08577194752775e-05
49020,13,0.12402,0.0726,0.10284,1.0837537840565084e-05
49040,13,0.17041,0.09587,0.14906,1.0817356205852676e-05
49060,13,0.15748,0.08426,0.14645,1.079717457114026e-05
49080,13,0.28096,0.15766,0.24661,1.0776992936427853e-05
49100,13,0.15546,0.04783,0.21526,1.0756811301715437e-05
49120,13,0.31826,0.13526,0.36598,1.0736629667003029e-05
49140,13,0.13304,0.07397,0.11813,1.0716448032290613e-05
49160,13,0.11176,0.05154,0.12044,1.0696266397578205e-05
49180,13,0.15627,0.08329,0.14595,1.067608476286579e-05
49200,13,0.22858,0.1274,0.20236,1.0655903128153382e-05
49220,13,0.15019,0.07318,0.15403,1.0635721493440966e-05
49240,13,0.1393,0.08213,0.11434,1.0615539858728558e-05
49260,13,0.12316,0.0564,0.13353,1.0595358224016142e-05
49280,13,0.13047,0.07019,0.12055,1.0575176589303735e-05
49300,13,0.15673,0.08843,0.13659,1.0554994954591319e-05
49320,13,0.27014,0.14338,0.25351,1.0534813319878911e-05
49340,13,0.24116,0.1332,0.21593,1.0514631685166495e-05
49360,13,0.23898,0.12768,0.2226,1.0494450050454088e-05
49380,13,0.15106,0.06832,0.16549,1.0474268415741673e-05
49400,13,0.12071,0.05753,0.12636,1.0454086781029264e-05
49420,13,0.16415,0.06926,0.18976,1.043390514631685e-05
49440,13,0.10809,0.06108,0.09402,1.041372351160444e-05
49460,13,0.14756,0.07999,0.13513,1.0393541876892026e-05
49480,13,0.1727,0.10859,0.12821,1.0373360242179617e-05
49500,13,0.20809,0.11622,0.18375,1.0353178607467202e-05
49520,13,0.11295,0.05449,0.11693,1.0332996972754793e-05
49540,13,0.09638,0.04328,0.10621,1.0312815338042379e-05
49560,13,0.15194,0.06245,0.17898,1.029263370332997e-05
49580,13,0.18741,0.10595,0.16292,1.0272452068617562e-05
49600,13,0.11151,0.06974,0.08353,1.0252270433905146e-05
49620,13,0.1564,0.06668,0.17946,1.0232088799192738e-05
49640,13,0.21442,0.11649,0.19586,1.0211907164480322e-05
49660,13,0.16492,0.0762,0.17744,1.0191725529767915e-05
49680,13,0.13684,0.06913,0.13543,1.0171543895055499e-05
49700,13,0.14491,0.06304,0.16373,1.0151362260343091e-05
49720,13,0.19107,0.09592,0.1903,1.0131180625630675e-05
49740,13,0.23536,0.15195,0.16681,1.0110998990918268e-05
49760,13,0.28157,0.11288,0.33738,1.0090817356205852e-05
49780,13,0.23085,0.12317,0.21536,1.0070635721493444e-05
49800,13,0.1292,0.0638,0.13079,1.005045408678103e-05
49820,13,0.14305,0.05936,0.16739,1.003027245206862e-05
49840,13,0.17492,0.07135,0.20714,1.0010090817356206e-05
49860,13,0.1075,0.05905,0.09689,9.989909182643797e-06
49880,13,0.21301,0.10238,0.22127,9.969727547931383e-06
49900,13,0.19158,0.10991,0.16335,9.949545913218973e-06
49920,13,0.18772,0.07368,0.22808,9.929364278506559e-06
49940,13,0.16404,0.10439,0.1193,9.90918264379415e-06
49960,13,0.19488,0.09004,0.20969,9.889001009081736e-06
49980,13,0.34766,0.19252,0.31027,9.868819374369326e-06
50000,13,0.13885,0.06132,0.15506,9.848637739656912e-06
50020,13,0.28242,0.19845,0.16795,9.828456104944503e-06
50040,13,0.15496,0.06379,0.18234,9.808274470232088e-06
50060,13,0.13072,0.05834,0.14477,9.78809283551968e-06
50080,13,0.16821,0.06884,0.19874,9.767911200807265e-06
50100,13,0.19285,0.09378,0.19815,9.747729566094856e-06
50120,13,0.22768,0.12412,0.20711,9.727547931382441e-06
50140,13,0.13463,0.04593,0.17739,9.707366296670032e-06
50160,13,0.14872,0.06437,0.16869,9.687184661957618e-06
50180,13,0.20132,0.11281,0.17701,9.667003027245208e-06
50200,13,0.13547,0.05047,0.17,9.646821392532794e-06
50220,13,0.22283,0.11799,0.20968,9.626639757820387e-06
50240,13,0.18178,0.10507,0.15342,9.60645812310797e-06
50260,13,0.12135,0.06823,0.10624,9.586276488395563e-06
50280,13,0.16339,0.06901,0.18874,9.566094853683147e-06
50300,13,0.13514,0.06096,0.14836,9.54591321897074e-06
50320,13,0.1298,0.05641,0.14679,9.525731584258323e-06
50340,13,0.18867,0.09779,0.18176,9.505549949545916e-06
50360,13,0.16643,0.07927,0.17432,9.4853683148335e-06
50380,13,0.19077,0.10459,0.17236,9.465186680121092e-06
50400,13,0.10599,0.04723,0.11753,9.445005045408676e-06
50420,13,0.1713,0.07459,0.19341,9.424823410696269e-06
50440,13,0.18452,0.06147,0.2461,9.404641775983853e-06
50460,13,0.20373,0.10758,0.19231,9.384460141271445e-06
50480,13,0.22293,0.15229,0.14129,9.364278506559029e-06
50500,13,0.23118,0.1284,0.20555,9.344096871846622e-06
50520,13,0.17245,0.10681,0.13128,9.323915237134205e-06
50540,13,0.09619,0.05212,0.08813,9.303733602421798e-06
50560,13,0.12436,0.04859,0.15153,9.283551967709382e-06
50580,13,0.22309,0.11348,0.21923,9.263370332996974e-06
50600,13,0.32221,0.12806,0.3883,9.24318869828456e-06
50620,13,0.14413,0.06806,0.15214,9.22300706357215e-06
50640,13,0.17417,0.09408,0.16018,9.202825428859736e-06
50660,13,0.23531,0.13562,0.19938,9.182643794147327e-06
50680,13,0.17347,0.08348,0.17997,9.162462159434913e-06
50700,13,0.1436,0.06041,0.16637,9.142280524722504e-06
50720,13,0.14584,0.06516,0.16136,9.12209889001009e-06
50740,13,0.16166,0.08169,0.15994,9.10191725529768e-06
50760,13,0.11854,0.05273,0.13163,9.081735620585266e-06
50780,13,0.11809,0.05083,0.13452,9.061553985872856e-06
50800,13,0.10723,0.05175,0.11096,9.041372351160442e-06
50820,13,0.17887,0.07791,0.20192,9.021190716448033e-06
50840,13,0.28525,0.16202,0.24645,9.001009081735619e-06
50860,13,0.16937,0.11737,0.104,8.98082744702321e-06
50880,13,0.17799,0.09011,0.17576,8.960645812310795e-06
50900,13,0.10855,0.05866,0.09979,8.940464177598386e-06
50920,13,0.10724,0.0518,0.11088,8.920282542885971e-06
50940,13,0.13245,0.07644,0.11203,8.900100908173562e-06
50960,13,0.14039,0.07768,0.12542,8.879919273461148e-06
50980,13,0.15085,0.0678,0.16611,8.859737638748739e-06
51000,13,0.16301,0.06863,0.18876,8.839556004036324e-06
51020,13,0.17523,0.10161,0.14724,8.819374369323917e-06
51040,13,0.09302,0.05007,0.08591,8.7991927346115e-06
51060,13,0.21596,0.13359,0.16475,8.779011099899093e-06
51080,13,0.16194,0.06324,0.19739,8.758829465186677e-06
51100,13,0.16768,0.0947,0.14598,8.73864783047427e-06
51120,13,0.16203,0.07316,0.17774,8.718466195761854e-06
51140,13,0.15092,0.07523,0.15138,8.698284561049446e-06
51160,13,0.22743,0.13799,0.17889,8.67810292633703e-06
51180,13,0.12326,0.05926,0.128,8.657921291624622e-06
51200,13,0.211,0.09323,0.23555,8.637739656912206e-06
51220,13,0.1015,0.06445,0.07409,8.617558022199799e-06
51240,13,0.1734,0.11618,0.11443,8.597376387487383e-06
51260,13,0.20445,0.10512,0.19866,8.577194752774975e-06
51280,13,0.13178,0.06258,0.1384,8.557013118062566e-06
51300,13,0.20372,0.07803,0.2514,8.536831483350152e-06
51320,13,0.15582,0.06358,0.18449,8.516649848637742e-06
51340,13,0.15401,0.06411,0.17981,8.496468213925328e-06
51360,13,0.14173,0.07952,0.12442,8.476286579212919e-06
51380,13,0.16804,0.06989,0.1963,8.456104944500505e-06
51400,13,0.17422,0.09988,0.14869,8.435923309788095e-06
51420,13,0.18511,0.07715,0.21591,8.415741675075681e-06
51440,13,0.14794,0.0502,0.19548,8.395560040363273e-06
51460,13,0.18804,0.06997,0.23614,8.375378405650857e-06
51480,13,0.14189,0.06,0.16378,8.35519677093845e-06
51500,13,0.31322,0.1488,0.32884,8.335015136226034e-06
51520,13,0.1491,0.05341,0.19138,8.314833501513626e-06
51540,13,0.20234,0.11818,0.16832,8.29465186680121e-06
51560,13,0.29504,0.18183,0.22643,8.274470232088803e-06
51580,13,0.1539,0.05492,0.19796,8.254288597376387e-06
51600,13,0.12927,0.05093,0.15668,8.234106962663979e-06
51620,13,0.18923,0.10607,0.16631,8.213925327951563e-06
51640,13,0.19731,0.09853,0.19756,8.193743693239156e-06
51660,13,0.18185,0.07848,0.20674,8.17356205852674e-06
51680,13,0.20474,0.10474,0.20002,8.153380423814332e-06
51700,13,0.12891,0.06555,0.12672,8.133198789101916e-06
51720,13,0.10124,0.06029,0.0819,8.113017154389508e-06
51740,13,0.1243,0.04521,0.15818,8.092835519677092e-06
51760,13,0.2099,0.10758,0.20463,8.072653884964685e-06
51780,13,0.13594,0.04828,0.17531,8.05247225025227e-06
51800,14,0.09485,0.03741,0.11488,8.032290615539861e-06
51820,14,0.24304,0.10463,0.27683,8.012108980827447e-06
51840,14,0.1547,0.06577,0.17786,7.991927346115038e-06
51860,14,0.11725,0.05429,0.12591,7.971745711402623e-06
51880,14,0.18557,0.0851,0.20094,7.951564076690214e-06
51900,14,0.10577,0.05863,0.09428,7.9313824419778e-06
51920,14,0.14977,0.0754,0.14873,7.91120080726539e-06
51940,14,0.15983,0.07808,0.16349,7.891019172552976e-06
51960,14,0.15726,0.05381,0.20689,7.870837537840567e-06
51980,14,0.12614,0.05329,0.14569,7.850655903128153e-06
52000,14,0.17549,0.0902,0.17056,7.830474268415743e-06
52020,14,0.17086,0.08314,0.17544,7.810292633703329e-06
52040,14,0.14269,0.05358,0.1782,7.79011099899092e-06
52060,14,0.2094,0.11891,0.18098,7.769929364278505e-06
52080,14,0.15361,0.0925,0.12221,7.749747729566096e-06
52100,14,0.18122,0.09791,0.16661,7.729566094853682e-06
52120,14,0.15975,0.07084,0.17782,7.709384460141273e-06
52140,14,0.27184,0.15105,0.24159,7.689202825428858e-06
52160,14,0.13585,0.08315,0.1054,7.669021190716449e-06
52180,14,0.16974,0.0996,0.14027,7.648839556004035e-06
52200,14,0.19693,0.1052,0.18346,7.628657921291626e-06
52220,14,0.13356,0.06744,0.13224,7.608476286579211e-06
52240,14,0.17868,0.08715,0.18308,7.588294651866803e-06
52260,14,0.19984,0.09167,0.21636,7.5681130171543875e-06
52280,14,0.19503,0.07211,0.24585,7.547931382441979e-06
52300,14,0.09704,0.04541,0.10327,7.527749747729564e-06
52320,14,0.12476,0.05944,0.13064,7.5075681130171556e-06
52340,14,0.17451,0.09357,0.16189,7.48738647830474e-06
52360,14,0.14441,0.08919,0.11044,7.467204843592332e-06
52380,14,0.15106,0.0833,0.13552,7.447023208879918e-06
52400,14,0.21653,0.09961,0.23384,7.426841574167509e-06
52420,14,0.12286,0.05184,0.14206,7.406659939455094e-06
52440,14,0.12369,0.08033,0.08671,7.386478304742686e-06
52460,14,0.15097,0.04961,0.20272,7.3662966700302705e-06
52480,14,0.10336,0.04812,0.11048,7.346115035317862e-06
52500,14,0.14816,0.08001,0.1363,7.325933400605447e-06
52520,14,0.18541,0.07461,0.2216,7.3057517658930385e-06
52540,14,0.11793,0.05258,0.13071,7.285570131180623e-06
52560,14,0.13294,0.06757,0.13073,7.265388496468215e-06
52580,14,0.17383,0.06494,0.21778,7.2452068617558e-06
52600,14,0.31524,0.16218,0.30612,7.225025227043391e-06
52620,14,0.31228,0.19639,0.23177,7.204843592330976e-06
52640,14,0.28316,0.15315,0.26002,7.184661957618568e-06
52660,14,0.11822,0.06867,0.09908,7.164480322906153e-06
52680,14,0.18534,0.10378,0.16314,7.144298688193744e-06
52700,14,0.15682,0.05181,0.21002,7.124117053481329e-06
52720,14,0.16818,0.0892,0.15796,7.103935418768921e-06
52740,14,0.33002,0.19236,0.27532,7.0837537840565055e-06
52760,14,0.27298,0.1737,0.19856,7.063572149344097e-06
52780,14,0.21084,0.09251,0.23666,7.043390514631683e-06
52800,14,0.18905,0.10028,0.17753,7.023208879919274e-06
52820,14,0.12291,0.05566,0.13449,7.003027245206859e-06
52840,14,0.14481,0.07583,0.13797,6.982845610494451e-06
52860,14,0.19342,0.10181,0.18322,6.962663975782036e-06
52880,14,0.24326,0.15724,0.17203,6.942482341069627e-06
52900,14,0.13675,0.08661,0.10029,6.922300706357212e-06
52920,14,0.29111,0.20642,0.16937,6.902119071644804e-06
52940,14,0.13174,0.05365,0.15617,6.8819374369323884e-06
52960,14,0.2243,0.14179,0.165,6.86175580221998e-06
52980,14,0.08169,0.03422,0.09494,6.841574167507572e-06
53000,14,0.13476,0.05927,0.15097,6.8213925327951565e-06
53020,14,0.13898,0.06587,0.14621,6.801210898082748e-06
53040,14,0.13273,0.04969,0.16609,6.781029263370333e-06
53060,14,0.21808,0.07607,0.28403,6.7608476286579245e-06
53080,14,0.17105,0.04702,0.24806,6.740665993945509e-06
53100,14,0.13607,0.06474,0.14266,6.720484359233101e-06
53120,14,0.1495,0.06712,0.16475,6.700302724520686e-06
53140,14,0.20836,0.11245,0.19181,6.680121089808277e-06
53160,14,0.16831,0.07238,0.19184,6.659939455095862e-06
53180,14,0.22165,0.11584,0.21162,6.639757820383454e-06
53200,14,0.16432,0.08388,0.16087,6.6195761856710394e-06
53220,14,0.13502,0.06565,0.13875,6.599394550958631e-06
53240,14,0.16077,0.07365,0.17426,6.579212916246216e-06
53260,14,0.14749,0.0797,0.13558,6.5590312815338074e-06
53280,14,0.12734,0.04977,0.15513,6.538849646821392e-06
53300,14,0.11437,0.05126,0.12623,6.518668012108984e-06
53320,14,0.14567,0.07188,0.14758,6.498486377396569e-06
53340,14,0.22006,0.10645,0.22721,6.47830474268416e-06
53360,14,0.12178,0.06847,0.10662,6.458123107971745e-06
53380,14,0.13854,0.079,0.11909,6.437941473259337e-06
53400,14,0.19625,0.10126,0.18998,6.4177598385469215e-06
53420,14,0.1039,0.05087,0.10604,6.397578203834513e-06
53440,14,0.14369,0.05513,0.1771,6.377396569122098e-06
53460,14,0.13679,0.07266,0.12825,6.3572149344096896e-06
53480,14,0.14168,0.06431,0.15474,6.337033299697274e-06
53500,14,0.13155,0.07524,0.11262,6.316851664984866e-06
53520,14,0.19337,0.12663,0.13349,6.296670030272451e-06
53540,14,0.15892,0.05657,0.2047,6.276488395560042e-06
53560,14,0.15182,0.06704,0.16957,6.256306760847627e-06
53580,14,0.12612,0.06481,0.12261,6.236125126135219e-06
53600,14,0.16935,0.09948,0.13974,6.2159434914228045e-06
53620,14,0.29316,0.21944,0.14744,6.195761856710396e-06
53640,14,0.14624,0.07631,0.13988,6.175580221997981e-06
53660,14,0.2273,0.11722,0.22015,6.1553985872855725e-06
53680,14,0.21003,0.12594,0.1682,6.135216952573157e-06
53700,14,0.20159,0.10781,0.18756,6.115035317860749e-06
53720,14,0.16992,0.09097,0.1579,6.094853683148334e-06
53740,14,0.21614,0.07232,0.28765,6.074672048435925e-06
53760,14,0.10228,0.05497,0.09463,6.05449041372351e-06
53780,14,0.19554,0.1191,0.15289,6.034308779011102e-06
53800,14,0.18013,0.06035,0.23957,6.014127144298687e-06
53820,14,0.17786,0.07059,0.21454,5.993945509586278e-06
53840,14,0.19281,0.10229,0.18104,5.973763874873863e-06
53860,14,0.31205,0.18481,0.25448,5.953582240161455e-06
53880,14,0.14546,0.069,0.15293,5.9334006054490395e-06
53900,14,0.17494,0.06579,0.21829,5.913218970736631e-06
53920,14,0.13826,0.06753,0.14146,5.893037336024216e-06
53940,14,0.24716,0.1595,0.17532,5.8728557013118075e-06
53960,14,0.16489,0.07348,0.18282,5.852674066599393e-06
53980,14,0.1312,0.05525,0.15191,5.832492431886984e-06
54000,14,0.21818,0.12866,0.17904,5.81231079717457e-06
54020,14,0.11288,0.05702,0.11172,5.792129162462161e-06
54040,14,0.197,0.08761,0.21878,5.771947527749746e-06
54060,14,0.12971,0.07603,0.10735,5.751765893037338e-06
54080,14,0.23827,0.06975,0.33705,5.7315842583249224e-06
54100,14,0.20071,0.10092,0.19958,5.711402623612514e-06
54120,14,0.22749,0.11824,0.2185,5.691220988900099e-06
54140,14,0.13911,0.06817,0.14188,5.6710393541876905e-06
54160,14,0.15021,0.08839,0.12365,5.650857719475275e-06
54180,14,0.2285,0.13918,0.17864,5.630676084762867e-06
54200,14,0.1235,0.05677,0.13348,5.610494450050452e-06
54220,14,0.11771,0.04614,0.14313,5.590312815338043e-06
54240,14,0.21599,0.10104,0.2299,5.570131180625628e-06
54260,14,0.11007,0.05786,0.10442,5.54994954591322e-06
54280,14,0.17277,0.06026,0.22501,5.5297679112008046e-06
54300,14,0.19071,0.09029,0.20084,5.509586276488396e-06
54320,14,0.17599,0.08399,0.18399,5.489404641775981e-06
54340,14,0.12407,0.06678,0.11458,5.469223007063573e-06
54360,14,0.20081,0.11266,0.17631,5.449041372351158e-06
54380,14,0.125,0.05788,0.13423,5.42885973763875e-06
54400,14,0.14787,0.06805,0.15964,5.408678102926335e-06
54420,14,0.1725,0.06925,0.20649,5.388496468213926e-06
54440,14,0.21965,0.09352,0.25225,5.368314833501511e-06
54460,14,0.14597,0.06562,0.16071,5.348133198789103e-06
54480,14,0.32833,0.22357,0.20952,5.3279515640766875e-06
54500,14,0.08886,0.04785,0.08202,5.307769929364279e-06
54520,14,0.19272,0.11443,0.15658,5.287588294651864e-06
54540,14,0.48438,0.39306,0.18266,5.2674066599394555e-06
54560,14,0.14576,0.05664,0.17823,5.24722502522704e-06
54580,14,0.25409,0.15279,0.20259,5.227043390514632e-06
54600,14,0.21526,0.12311,0.1843,5.206861755802217e-06
54620,14,0.13023,0.05185,0.15676,5.186680121089808e-06
54640,14,0.16329,0.0609,0.20479,5.166498486377393e-06
54660,14,0.14492,0.07732,0.13521,5.146316851664985e-06
54680,14,0.22929,0.13754,0.1835,5.126135216952576e-06
54700,14,0.24677,0.16582,0.1619,5.105953582240161e-06
54720,14,0.36656,0.19187,0.34938,5.085771947527753e-06
54740,14,0.13739,0.07961,0.11556,5.065590312815338e-06
54760,14,0.11941,0.06961,0.09961,5.045408678102929e-06
54780,14,0.19457,0.10491,0.17933,5.025227043390515e-06
54800,14,0.1351,0.04999,0.17021,5.0050454086781065e-06
54820,14,0.19062,0.11375,0.15373,4.984863773965691e-06
54840,14,0.12961,0.08263,0.09396,4.964682139253283e-06
54860,14,0.11112,0.06446,0.09332,4.944500504540868e-06
54880,14,0.15978,0.08189,0.15578,4.924318869828459e-06
54900,14,0.1242,0.05828,0.13184,4.904137235116044e-06
54920,14,0.09902,0.05603,0.08598,4.883955600403636e-06
54940,14,0.16855,0.08303,0.17104,4.863773965691221e-06
54960,14,0.34279,0.16979,0.346,4.843592330978812e-06
54980,14,0.14133,0.06883,0.145,4.823410696266397e-06
55000,14,0.15539,0.0496,0.21159,4.803229061553989e-06
55020,14,0.19008,0.09016,0.19983,4.7830474268415735e-06
55040,14,0.11697,0.05952,0.1149,4.762865792129165e-06
55060,14,0.19939,0.10775,0.18329,4.74268415741675e-06
55080,14,0.23729,0.12807,0.21843,4.7225025227043415e-06
55100,14,0.36425,0.2633,0.2019,4.702320887991926e-06
55120,14,0.17429,0.09573,0.15711,4.682139253279518e-06
55140,14,0.10756,0.0616,0.09192,4.661957618567103e-06
55160,14,0.18012,0.07675,0.20674,4.641775983854694e-06
55180,14,0.18692,0.11818,0.13748,4.62159434914228e-06
55200,14,0.153,0.06189,0.18222,4.601412714429872e-06
55220,14,0.16667,0.05938,0.21458,4.5812310797174564e-06
55240,14,0.1771,0.09515,0.1639,4.561049445005048e-06
55260,14,0.10615,0.04937,0.11356,4.540867810292633e-06
55280,14,0.15213,0.07736,0.14953,4.5206861755802245e-06
55300,14,0.12979,0.06991,0.11977,4.500504540867809e-06
55320,14,0.40915,0.28517,0.24795,4.480322906155401e-06
55340,14,0.14022,0.05621,0.16802,4.460141271442986e-06
55360,14,0.19327,0.08479,0.21696,4.439959636730577e-06
55380,14,0.10059,0.03934,0.12251,4.419778002018162e-06
55400,14,0.28043,0.18558,0.1897,4.399596367305754e-06
55420,14,0.23299,0.11683,0.23232,4.3794147325933386e-06
55440,14,0.14038,0.06563,0.14948,4.35923309788093e-06
55460,14,0.09698,0.0531,0.08774,4.339051463168515e-06
55480,14,0.1524,0.0507,0.20341,4.318869828456107e-06
55500,14,0.17209,0.0772,0.18978,4.298688193743691e-06
55520,14,0.15081,0.06786,0.16589,4.278506559031283e-06
55540,14,0.22631,0.06474,0.32314,4.258324924318868e-06
55560,14,0.16443,0.0824,0.16406,4.2381432896064594e-06
55580,14,0.14914,0.09175,0.11477,4.217961654894045e-06
55600,14,0.11741,0.05819,0.11845,4.197780020181637e-06
55620,14,0.16374,0.06326,0.20094,4.1775983854692215e-06
55640,14,0.27794,0.18103,0.19383,4.157416750756813e-06
55660,14,0.14703,0.05996,0.17413,4.137235116044398e-06
55680,14,0.21972,0.10508,0.22927,4.1170534813319895e-06
55700,14,0.12284,0.06062,0.12442,4.096871846619574e-06
55720,14,0.15542,0.06174,0.18737,4.076690211907166e-06
55740,14,0.1545,0.06203,0.18493,4.056508577194751e-06
55760,14,0.16944,0.09048,0.15792,4.036326942482342e-06
55780,15,0.1272,0.06538,0.12363,4.016145307769927e-06
55800,15,0.1407,0.05194,0.17752,3.995963673057519e-06
55820,15,0.41118,0.3098,0.20276,3.975782038345104e-06
55840,15,0.15698,0.06441,0.18516,3.955600403632695e-06
55860,15,0.23289,0.11387,0.23804,3.93541876892028e-06
55880,15,0.12064,0.05035,0.14057,3.915237134207872e-06
55900,15,0.12624,0.05702,0.13845,3.8950554994954565e-06
55920,15,0.24725,0.12263,0.24925,3.874873864783048e-06
55940,15,0.10019,0.06038,0.07961,3.854692230070633e-06
55960,15,0.19092,0.09643,0.18898,3.8345105953582245e-06
55980,15,0.18287,0.08338,0.19898,3.8143289606458098e-06
56000,15,0.14411,0.06361,0.161,3.7941473259334014e-06
56020,15,0.16768,0.06518,0.205,3.773965691220986e-06
56040,15,0.19281,0.1106,0.16441,3.7537840565085778e-06
56060,15,0.13563,0.08238,0.10648,3.733602421796163e-06
56080,15,0.13534,0.06467,0.14134,3.7134207870837546e-06
56100,15,0.17079,0.10561,0.13036,3.6932391523713395e-06
56120,15,0.13284,0.08205,0.10159,3.673057517658931e-06
56140,15,0.14728,0.08457,0.12541,3.652875882946516e-06
56160,15,0.12576,0.06272,0.12607,3.6326942482341075e-06
56180,15,0.16575,0.08295,0.1656,3.6125126135216923e-06
56200,15,0.17384,0.07719,0.19331,3.592330978809284e-06
56220,15,0.10826,0.05009,0.11635,3.5721493440968687e-06
56240,15,0.22232,0.11444,0.21576,3.5519677093844603e-06
56260,15,0.09764,0.05488,0.08552,3.5317860746720456e-06
56280,15,0.11478,0.05076,0.12805,3.511604439959637e-06
56300,15,0.16278,0.04457,0.23643,3.491422805247222e-06
56320,15,0.15874,0.07653,0.16442,3.4712411705348136e-06
56340,15,0.20363,0.10055,0.20616,3.4510595358223984e-06
56360,15,0.16721,0.07808,0.17828,3.43087790110999e-06
56380,15,0.12091,0.06463,0.11258,3.4106962663975816e-06
56400,15,0.22305,0.12261,0.20089,3.3905146316851664e-06
56420,15,0.15709,0.07666,0.16087,3.370332996972758e-06
56440,15,0.21244,0.11223,0.20041,3.350151362260343e-06
56460,15,0.17562,0.09995,0.15134,3.3299697275479345e-06
56480,15,0.17741,0.07557,0.20368,3.3097880928355197e-06
56500,15,0.17361,0.08402,0.17919,3.2896064581231113e-06
56520,15,0.18572,0.1017,0.16805,3.269424823410696e-06
56540,15,0.37767,0.24331,0.26872,3.2492431886982877e-06
56560,15,0.19705,0.12111,0.15189,3.2290615539858726e-06
56580,15,0.32874,0.1752,0.30709,3.208879919273464e-06
56600,15,0.2068,0.11698,0.17964,3.188698284561049e-06
56620,15,0.22701,0.14892,0.15618,3.1685166498486406e-06
56640,15,0.16256,0.0999,0.12532,3.1483350151362254e-06
56660,15,0.11227,0.05133,0.12189,3.128153380423817e-06
56680,15,0.16501,0.07634,0.17735,3.1079717457114023e-06
56700,15,0.12284,0.05951,0.12666,3.087790110998994e-06
56720,15,0.17542,0.08599,0.17886,3.0676084762865787e-06
56740,15,0.14014,0.07309,0.1341,3.0474268415741703e-06
56760,15,0.14978,0.05478,0.19001,3.027245206861755e-06
56780,15,0.2162,0.09178,0.24883,3.0070635721493467e-06
56800,15,0.32912,0.17033,0.31757,2.9868819374369315e-06
56820,15,0.15863,0.08311,0.15105,2.966700302724523e-06
56840,15,0.09825,0.05494,0.08662,2.946518668012108e-06
56860,15,0.10899,0.05279,0.1124,2.9263370332996995e-06
56880,15,0.1571,0.09752,0.11918,2.906155398587285e-06
56900,15,0.26375,0.11431,0.29888,2.8859737638748764e-06
56920,15,0.16805,0.08582,0.16446,2.8657921291624612e-06
56940,15,0.16629,0.06271,0.20716,2.845610494450053e-06
56960,15,0.21961,0.11241,0.21442,2.8254288597376376e-06
56980,15,0.15941,0.09171,0.13541,2.8052472250252292e-06
57000,15,0.2965,0.18719,0.21863,2.785065590312814e-06
57020,15,0.21934,0.09436,0.24994,2.7648839556004057e-06
57040,15,0.22294,0.12324,0.19941,2.7447023208879905e-06
57060,15,0.19588,0.10197,0.18782,2.724520686175582e-06
57080,15,0.20398,0.10087,0.20622,2.7043390514631673e-06
57100,15,0.11514,0.06224,0.10579,2.684157416750759e-06
57120,15,0.2654,0.10777,0.31526,2.6639757820383438e-06
57140,15,0.17309,0.06057,0.22504,2.6437941473259354e-06
57160,15,0.09596,0.05318,0.08554,2.62361251261352e-06
57180,15,0.15594,0.08953,0.13282,2.6034308779011118e-06
57200,15,0.32192,0.1837,0.27643,2.5832492431886966e-06
57220,15,0.19522,0.09618,0.1981,2.563067608476288e-06
57240,15,0.41993,0.27486,0.29013,2.542885973763873e-06
57260,15,0.12769,0.0627,0.12999,2.5227043390514646e-06
57280,15,0.13174,0.0524,0.15868,2.50252270433905e-06
57300,15,0.12221,0.06542,0.11359,2.4823410696266415e-06
57320,15,0.27141,0.15857,0.22569,2.4621594349142263e-06
57340,15,0.20009,0.13624,0.12769,2.441977800201818e-06
57360,15,0.13707,0.06016,0.15383,2.4217961654894027e-06
57380,15,0.15389,0.0651,0.17758,2.4016145307769943e-06
57400,15,0.12588,0.06589,0.11997,2.381432896064579e-06
57420,15,0.16615,0.06069,0.21091,2.3612512613521707e-06
57440,15,0.14874,0.06453,0.16843,2.3410696266397556e-06
57460,15,0.23447,0.13297,0.203,2.320887991927347e-06
57480,15,0.11298,0.04692,0.13212,2.3007063572149324e-06
57500,15,0.24149,0.09186,0.29926,2.280524722502524e-06
57520,15,0.12802,0.07057,0.11488,2.260343087790109e-06
57540,15,0.16525,0.07743,0.17565,2.2401614530777004e-06
57560,15,0.19499,0.0911,0.20777,2.2199798183652853e-06
57580,15,0.15913,0.06238,0.1935,2.199798183652877e-06
57600,15,0.10597,0.05844,0.09505,2.1796165489404617e-06
57620,15,0.1335,0.07636,0.11428,2.1594349142280533e-06
57640,15,0.15584,0.07801,0.15566,2.139253279515638e-06
57660,15,0.17371,0.07677,0.19389,2.1190716448032297e-06
57680,15,0.15703,0.07511,0.16382,2.098890010090815e-06
57700,15,0.14221,0.04959,0.18524,2.0787083753784066e-06
57720,15,0.14293,0.08292,0.12002,2.0585267406659914e-06
57740,15,0.17524,0.07112,0.20825,2.038345105953583e-06
57760,15,0.13782,0.08345,0.10873,2.018163471241168e-06
57780,15,0.08874,0.04467,0.08815,1.9979818365287594e-06
57800,15,0.12986,0.07657,0.10657,1.9778002018163442e-06
57820,15,0.16451,0.04906,0.2309,1.957618567103936e-06
57840,15,0.09678,0.06125,0.07105,1.9374369323915207e-06
57860,15,0.14059,0.06219,0.1568,1.9172552976791123e-06
57880,15,0.16244,0.07025,0.18439,1.8970736629666973e-06
57900,15,0.11742,0.06297,0.10891,1.8768920282542889e-06
57920,15,0.17182,0.08892,0.16581,1.856710393541874e-06
57940,15,0.17449,0.10693,0.13513,1.8365287588294655e-06
57960,15,0.12071,0.05305,0.13531,1.8163471241170503e-06
57980,15,0.18127,0.09224,0.17805,1.796165489404642e-06
58000,15,0.13052,0.05806,0.14491,1.775983854692227e-06
58020,15,0.22803,0.0743,0.30747,1.7558022199798186e-06
58040,15,0.32061,0.14774,0.34575,1.7356205852674034e-06
58060,15,0.09984,0.05719,0.08528,1.715438950554995e-06
58080,15,0.19481,0.05957,0.27048,1.6952573158425866e-06
58100,15,0.15754,0.07271,0.16965,1.6750756811301714e-06
58120,15,0.18475,0.10284,0.16383,1.654894046417763e-06
58140,15,0.17809,0.06793,0.22031,1.634712411705348e-06
58160,15,0.14561,0.06309,0.16503,1.6145307769929397e-06
58180,15,0.23925,0.09426,0.28998,1.5943491422805245e-06
58200,15,0.19242,0.10045,0.18396,1.574167507568116e-06
58220,15,0.20701,0.11993,0.17415,1.5539858728557011e-06
58240,15,0.15077,0.08231,0.13691,1.5338042381432927e-06
58260,15,0.09202,0.04461,0.09482,1.5136226034308776e-06
58280,15,0.17144,0.06301,0.21688,1.4934409687184692e-06
58300,15,0.133,0.06808,0.12983,1.473259334006054e-06
58320,15,0.13897,0.07579,0.12637,1.4530776992936456e-06
58340,15,0.20503,0.12516,0.15975,1.4328960645812306e-06
58360,15,0.1399,0.06991,0.13999,1.4127144298688222e-06
58380,15,0.18358,0.09542,0.17633,1.392532795156407e-06
58400,15,0.26748,0.07549,0.38398,1.3723511604439986e-06
58420,15,0.19795,0.10935,0.1772,1.3521695257315837e-06
58440,15,0.35,0.28715,0.12571,1.3319878910191753e-06
58460,15,0.24521,0.16885,0.15273,1.31180625630676e-06
58480,15,0.09805,0.04554,0.10502,1.2916246215943517e-06
58500,15,0.11712,0.06671,0.10083,1.2714429868819365e-06
58520,15,0.15892,0.06344,0.19095,1.2512613521695281e-06
58540,15,0.13917,0.07341,0.13153,1.2310797174571132e-06
58560,15,0.18577,0.08966,0.19222,1.2108980827447048e-06
58580,15,0.12157,0.05855,0.12605,1.1907164480322896e-06
58600,15,0.1913,0.10924,0.16412,1.1705348133198812e-06
58620,15,0.20634,0.11078,0.19112,1.1503531786074662e-06
58640,15,0.13143,0.07326,0.11634,1.1301715438950578e-06
58660,15,0.18514,0.09418,0.18193,1.1099899091826426e-06
58680,15,0.1273,0.05743,0.13973,1.0898082744702342e-06
58700,15,0.08734,0.0474,0.07987,1.069626639757819e-06
58720,15,0.23082,0.10858,0.24448,1.0494450050454107e-06
58740,15,0.12996,0.05637,0.14717,1.0292633703329957e-06
58760,15,0.37195,0.20284,0.33821,1.0090817356205873e-06
58780,15,0.20601,0.08404,0.24393,9.889001009081721e-07
58800,15,0.13752,0.07496,0.12512,9.687184661957637e-07
58820,15,0.18261,0.07216,0.22091,9.485368314833486e-07
58840,15,0.15024,0.07767,0.14514,9.283551967709402e-07
58860,15,0.10551,0.05398,0.10306,9.081735620585252e-07
58880,15,0.19675,0.11411,0.16527,8.879919273461168e-07
58900,15,0.09495,0.05435,0.0812,8.678102926337017e-07
58920,15,0.1784,0.09902,0.15875,8.476286579212933e-07
58940,15,0.13974,0.03915,0.20117,8.274470232088782e-07
58960,15,0.14525,0.06218,0.16614,8.072653884964698e-07
58980,15,0.23138,0.10094,0.26087,7.870837537840548e-07
59000,15,0.09393,0.04723,0.09342,7.669021190716464e-07
59020,15,0.18468,0.08692,0.1955,7.467204843592312e-07
59040,15,0.09536,0.04228,0.10615,7.265388496468228e-07
59060,15,0.1489,0.06338,0.17104,7.063572149344077e-07
59080,15,0.13805,0.06889,0.13832,6.861755802219993e-07
59100,15,0.18149,0.09783,0.16732,6.659939455095842e-07
59120,15,0.12384,0.0783,0.09108,6.458123107971758e-07
59140,15,0.13681,0.04966,0.1743,6.256306760847608e-07
59160,15,0.11985,0.06951,0.10068,6.054490413723524e-07
59180,15,0.11228,0.0488,0.12695,5.852674066599373e-07
59200,15,0.17029,0.08228,0.17602,5.650857719475289e-07
59220,15,0.18101,0.0722,0.21762,5.449041372351138e-07
59240,15,0.24388,0.12489,0.23798,5.247225025227053e-07
59260,15,0.18791,0.11907,0.13769,5.045408678102903e-07
59280,15,0.39709,0.31551,0.16316,4.843592330978819e-07
59300,15,0.14647,0.07377,0.1454,4.641775983854668e-07
59320,15,0.19733,0.09409,0.20649,4.439959636730584e-07
59340,15,0.14837,0.06409,0.16856,4.238143289606433e-07
59360,15,0.26575,0.15333,0.22483,4.036326942482349e-07
59380,15,0.12569,0.05996,0.13147,3.8345105953581985e-07
59400,15,0.12952,0.0509,0.15725,3.632694248234114e-07
59420,15,0.16251,0.07573,0.17357,3.430877901109963e-07
59440,15,0.19184,0.0943,0.19509,3.229061553985879e-07
59460,15,0.13574,0.06753,0.13642,3.0272452068617285e-07
59480,15,0.21784,0.07576,0.28416,2.8254288597376445e-07
59500,15,0.21539,0.08541,0.25995,2.6236125126134933e-07
59520,15,0.12247,0.06193,0.12109,2.4217961654894093e-07
59540,15,0.16111,0.07293,0.17637,2.2199798183652586e-07
59560,15,0.13592,0.08643,0.09897,2.0181634712411746e-07
59580,15,0.23535,0.13093,0.20885,1.816347124117024e-07
59600,15,0.29595,0.15429,0.28332,1.6145307769929396e-07
59620,15,0.17864,0.10869,0.1399,1.412714429868789e-07
59640,15,0.12672,0.07283,0.10779,1.2108980827447046e-07
59660,15,0.11458,0.04856,0.13205,1.009081735620554e-07
59680,15,0.17371,0.06857,0.21028,8.072653884964698e-08
59700,15,0.22685,0.13234,0.18901,6.054490413723191e-08
59720,15,0.18109,0.06148,0.23922,4.036326942482349e-08
59740,15,0.11941,0.07355,0.09172,2.0181634712408413e-08
59760,15,0.15251,0.04652,0.21197,0.0
